Date,Price,Open,High,Low,Vol.,Change %
30-03-2024,0.6242,0.63003,0.63167,0.623,692.26M,-0.92%
29-03-2024,0.63001,0.62452,0.64441,0.60973,755.22M,0.88%
28-03-2024,0.62454,0.6118,0.6371,0.60466,720.46M,2.08%
27-03-2024,0.61183,0.63179,0.63464,0.60661,815.79M,-3.16%
26-03-2024,0.63181,0.64057,0.65289,0.62567,706.20M,-1.37%
25-03-2024,0.64058,0.63248,0.66193,0.62653,844.26M,1.28%
24-03-2024,0.63246,0.61671,0.63562,0.61344,451.63M,2.55%
23-03-2024,0.61672,0.61163,0.63242,0.60438,422.86M,0.83%
22-03-2024,0.61165,0.64038,0.6449,0.59972,839.02M,-4.54%
21-03-2024,0.64076,0.61118,0.65397,0.59769,1.16B,4.83%
20-03-2024,0.61126,0.58482,0.61837,0.56954,1.20B,4.48%
19-03-2024,0.58504,0.64527,0.64845,0.57221,1.52B,-9.33%
18-03-2024,0.64523,0.61913,0.66766,0.59467,1.19B,4.26%
17-03-2024,0.61889,0.60302,0.62486,0.58764,756.58M,2.64%
16-03-2024,0.60299,0.63415,0.64601,0.59452,940.98M,-4.91%
15-03-2024,0.6341,0.66916,0.67515,0.59994,1.60B,-5.24%
14-03-2024,0.66917,0.68877,0.70731,0.64128,1.25B,-2.83%
13-03-2024,0.68866,0.688,0.70218,0.66888,941.43M,0.10%
12-03-2024,0.688,0.71914,0.73134,0.66151,1.65B,-4.32%
11-03-2024,0.71906,0.6079,0.74354,0.58569,2.73B,18.29%
10-03-2024,0.60789,0.62005,0.62764,0.59679,657.43M,-1.96%
09-03-2024,0.62006,0.62007,0.63205,0.61629,629.31M,0.00%
08-03-2024,0.62006,0.62718,0.63368,0.60373,943.57M,-1.14%
07-03-2024,0.62719,0.61212,0.6387,0.60707,1.11B,2.46%
06-03-2024,0.61211,0.59078,0.62352,0.5756,1.19B,3.61%
05-03-2024,0.5908,0.64747,0.66813,0.54537,2.27B,-8.79%
04-03-2024,0.64777,0.62725,0.66453,0.62018,1.53B,3.25%
03-03-2024,0.62738,0.64403,0.64426,0.59364,950.23M,-2.61%
02-03-2024,0.64417,0.60114,0.64961,0.59957,1.28B,7.16%
01-03-2024,0.60113,0.58607,0.60329,0.58328,793.09M,2.58%
29-02-2024,0.58602,0.57506,0.6234,0.56757,1.86B,1.91%
28-02-2024,0.57506,0.58591,0.60528,0.53928,1.49B,-1.88%
27-02-2024,0.58608,0.55067,0.59669,0.54777,1.18B,6.42%
26-02-2024,0.55071,0.54245,0.55262,0.52891,572.92M,1.52%
25-02-2024,0.54245,0.54491,0.54865,0.54201,277.12M,-0.45%
24-02-2024,0.54492,0.5341,0.54796,0.53141,275.72M,2.03%
23-02-2024,0.5341,0.54121,0.54363,0.52599,593.65M,-1.31%
22-02-2024,0.54121,0.54901,0.55153,0.53682,518.46M,-1.42%
21-02-2024,0.54903,0.56228,0.5629,0.53347,621.42M,-2.36%
20-02-2024,0.56228,0.56259,0.57481,0.54523,794.14M,-0.06%
19-02-2024,0.5626,0.55703,0.5677,0.55434,509.93M,1.00%
18-02-2024,0.55703,0.54958,0.56241,0.54736,277.67M,1.35%
17-02-2024,0.5496,0.56427,0.5654,0.53987,353.74M,-2.60%
16-02-2024,0.56428,0.5621,0.57823,0.55303,695.31M,0.39%
15-02-2024,0.56209,0.53773,0.57617,0.53741,850.58M,4.53%
14-02-2024,0.53772,0.52466,0.54177,0.52032,558.03M,2.51%
13-02-2024,0.52453,0.53147,0.53362,0.51553,537.62M,-1.30%
12-02-2024,0.53146,0.5262,0.5374,0.51449,515.17M,1.00%
11-02-2024,0.52619,0.52379,0.53586,0.52161,313.00M,0.46%
10-02-2024,0.52378,0.52603,0.52808,0.51876,203.09M,-0.42%
09-02-2024,0.52601,0.51459,0.52801,0.514,509.99M,2.22%
08-02-2024,0.5146,0.5138,0.51902,0.51023,433.54M,0.16%
07-02-2024,0.51379,0.50509,0.51548,0.49944,460.82M,1.72%
06-02-2024,0.50509,0.50678,0.51108,0.49898,396.05M,-0.34%
05-02-2024,0.5068,0.50318,0.51381,0.49757,409.98M,0.72%
04-02-2024,0.50317,0.5186,0.51909,0.50175,208.50M,-2.98%
03-02-2024,0.51861,0.51075,0.52628,0.50608,357.19M,1.54%
02-02-2024,0.51074,0.50581,0.51385,0.49902,455.94M,0.97%
01-02-2024,0.50582,0.50328,0.51047,0.49041,438.79M,0.50%
31-01-2024,0.50328,0.51065,0.51422,0.49105,623.35M,-1.44%
30-01-2024,0.51064,0.53509,0.53902,0.50684,816.71M,-4.57%
29-01-2024,0.5351,0.52424,0.53969,0.52012,399.50M,2.08%
28-01-2024,0.52417,0.53033,0.53544,0.52133,191.84M,-1.16%
27-01-2024,0.53032,0.53215,0.53462,0.52649,163.67M,-0.34%
26-01-2024,0.53215,0.51373,0.53577,0.50851,455.51M,3.59%
25-01-2024,0.51371,0.51822,0.51822,0.5041,349.93M,-0.86%
24-01-2024,0.51819,0.51812,0.51923,0.51112,363.13M,0.02%
23-01-2024,0.51811,0.5274,0.53169,0.49653,613.25M,-1.76%
22-01-2024,0.52739,0.54642,0.54926,0.51985,446.90M,-3.46%
21-01-2024,0.54629,0.55366,0.55519,0.54591,168.99M,-1.34%
20-01-2024,0.55372,0.54429,0.55487,0.53915,281.17M,1.73%
19-01-2024,0.5443,0.5518,0.55363,0.52274,576.03M,-1.36%
18-01-2024,0.55179,0.56857,0.569,0.54494,404.83M,-2.96%
17-01-2024,0.5686,0.57568,0.57626,0.5623,330.82M,-1.23%
16-01-2024,0.57567,0.57562,0.57967,0.56731,330.96M,0.01%
15-01-2024,0.57561,0.57646,0.58912,0.56883,356.62M,-0.15%
14-01-2024,0.57648,0.5747,0.59286,0.57179,264.38M,0.31%
13-01-2024,0.5747,0.57014,0.57739,0.57014,216.83M,0.79%
12-01-2024,0.57018,0.60186,0.60326,0.55689,625.57M,-5.26%
11-01-2024,0.60181,0.60044,0.62238,0.58605,698.54M,0.22%
10-01-2024,0.60048,0.56696,0.61427,0.55008,818.70M,5.92%
09-01-2024,0.56694,0.57739,0.57813,0.55577,702.44M,-1.81%
08-01-2024,0.57738,0.55114,0.58148,0.54514,767.02M,4.76%
07-01-2024,0.55113,0.56796,0.57272,0.54622,381.19M,-2.95%
06-01-2024,0.56791,0.57572,0.57572,0.55701,400.49M,-1.36%
05-01-2024,0.57572,0.58699,0.58844,0.55669,670.40M,-1.90%
04-01-2024,0.5869,0.58222,0.59369,0.57034,612.73M,0.80%
03-01-2024,0.58222,0.62446,0.63917,0.50211,1.39B,-6.77%
02-01-2024,0.62449,0.62941,0.63938,0.6217,454.63M,-0.79%
01-01-2024,0.62948,0.61541,0.63089,0.60854,205.68M,2.29%
31-12-2023,0.61541,0.62073,0.62791,0.60707,202.66M,-0.86%
30-12-2023,0.62073,0.62297,0.62945,0.61597,207.77M,-0.36%
29-12-2023,0.62296,0.63451,0.63618,0.61333,447.90M,-1.82%
28-12-2023,0.63451,0.6341,0.65693,0.62538,647.41M,0.02%
27-12-2023,0.63437,0.62195,0.64134,0.61329,522.01M,2.00%
26-12-2023,0.62196,0.64607,0.64618,0.60291,593.53M,-3.73%
25-12-2023,0.64607,0.61205,0.64853,0.60834,663.83M,5.56%
24-12-2023,0.61202,0.61951,0.62892,0.60707,430.86M,-1.21%
23-12-2023,0.61952,0.6243,0.62478,0.61146,281.41M,-0.77%
22-12-2023,0.6243,0.62405,0.63102,0.6157,525.20M,0.04%
21-12-2023,0.62405,0.61698,0.62483,0.61082,423.84M,1.15%
20-12-2023,0.61697,0.60449,0.62607,0.60124,535.82M,2.07%
19-12-2023,0.60448,0.61242,0.61659,0.59743,444.30M,-1.29%
18-12-2023,0.61239,0.61027,0.61428,0.58144,661.10M,0.34%
17-12-2023,0.61029,0.62035,0.62226,0.6089,295.92M,-1.62%
16-12-2023,0.62035,0.61547,0.62549,0.6108,283.12M,0.79%
15-12-2023,0.61548,0.63157,0.64304,0.61377,507.12M,-2.55%
14-12-2023,0.63156,0.6273,0.6377,0.61412,487.85M,0.69%
13-12-2023,0.6272,0.61899,0.634,0.59498,556.10M,1.33%
12-12-2023,0.61898,0.6186,0.62613,0.60689,522.27M,0.07%
11-12-2023,0.61856,0.66167,0.66266,0.60238,811.11M,-6.51%
10-12-2023,0.66166,0.65848,0.67098,0.6481,373.77M,0.48%
09-12-2023,0.65848,0.67183,0.69942,0.65608,706.26M,-2.07%
08-12-2023,0.67239,0.64156,0.67526,0.636,661.27M,4.81%
07-12-2023,0.64156,0.63952,0.65274,0.62251,636.77M,0.30%
06-12-2023,0.63963,0.6202,0.64172,0.61222,706.83M,3.15%
05-12-2023,0.62011,0.62392,0.62921,0.60747,527.35M,-0.60%
04-12-2023,0.62384,0.62209,0.64215,0.59105,687.66M,0.28%
03-12-2023,0.62209,0.61902,0.63197,0.61581,359.98M,0.49%
02-12-2023,0.61904,0.61156,0.62104,0.60999,240.75M,1.22%
01-12-2023,0.61158,0.60547,0.61238,0.60243,360.95M,1.02%
30-11-2023,0.6054,0.60827,0.60899,0.59822,362.04M,-0.47%
29-11-2023,0.60829,0.60891,0.61562,0.60359,375.95M,-0.08%
28-11-2023,0.60875,0.60339,0.61244,0.59583,427.83M,0.89%
27-11-2023,0.60339,0.61543,0.61653,0.59391,456.95M,-1.95%
26-11-2023,0.61542,0.62247,0.63661,0.60972,378.14M,-1.14%
25-11-2023,0.62254,0.62114,0.62324,0.61582,166.72M,0.22%
24-11-2023,0.62119,0.62038,0.6252,0.61605,385.00M,0.14%
23-11-2023,0.62034,0.61072,0.62347,0.60625,426.77M,1.58%
22-11-2023,0.61071,0.57874,0.61609,0.5785,479.19M,5.51%
21-11-2023,0.57879,0.61219,0.6177,0.57367,607.29M,-5.46%
20-11-2023,0.61219,0.62549,0.62808,0.61014,367.19M,-2.12%
19-11-2023,0.62546,0.61061,0.62858,0.60139,291.81M,2.44%
18-11-2023,0.61058,0.61324,0.61429,0.59112,230.91M,-0.43%
17-11-2023,0.61321,0.61198,0.624,0.58659,459.82M,0.20%
16-11-2023,0.61198,0.64807,0.65208,0.60544,529.37M,-5.57%
15-11-2023,0.6481,0.62956,0.65021,0.62526,413.75M,2.97%
14-11-2023,0.62942,0.67046,0.67119,0.59744,760.69M,-6.11%
13-11-2023,0.67037,0.6613,0.74785,0.64231,944.37M,1.32%
12-11-2023,0.66161,0.66275,0.67076,0.64779,255.02M,-0.17%
11-11-2023,0.66275,0.65943,0.685,0.6417,499.64M,0.46%
10-11-2023,0.65969,0.6666,0.671,0.64078,720.37M,-1.04%
09-11-2023,0.66659,0.68697,0.70599,0.63432,1.15B,-2.99%
08-11-2023,0.68713,0.68517,0.69767,0.67264,688.97M,0.29%
07-11-2023,0.68517,0.71479,0.71495,0.65552,1.05B,-4.15%
06-11-2023,0.71484,0.6608,0.7317,0.65905,965.92M,8.22%
05-11-2023,0.66051,0.61506,0.66234,0.61405,645.22M,7.39%
04-11-2023,0.61507,0.61211,0.61798,0.60892,372.07M,0.48%
03-11-2023,0.61211,0.60542,0.61491,0.59234,657.34M,1.10%
02-11-2023,0.60542,0.60874,0.625,0.58974,797.37M,-0.55%
01-11-2023,0.60875,0.59956,0.61565,0.58034,734.23M,1.53%
31-10-2023,0.59958,0.57817,0.6156,0.56302,787.70M,3.70%
30-10-2023,0.57819,0.55608,0.58408,0.54969,595.42M,3.98%
29-10-2023,0.55607,0.54461,0.56127,0.54101,206.62M,2.10%
28-10-2023,0.54461,0.54299,0.55039,0.54061,251.86M,0.30%
27-10-2023,0.54296,0.55333,0.55856,0.53844,500.06M,-1.90%
26-10-2023,0.55347,0.55521,0.56757,0.54344,650.56M,-0.31%
25-10-2023,0.55521,0.55886,0.56316,0.541,626.90M,-0.66%
24-10-2023,0.55889,0.54729,0.58392,0.5365,1.16B,2.13%
23-10-2023,0.54725,0.5226,0.55228,0.5199,777.46M,4.72%
22-10-2023,0.5226,0.52108,0.52384,0.5132,202.82M,0.29%
21-10-2023,0.52109,0.51494,0.53142,0.51117,221.48M,1.18%
20-10-2023,0.51503,0.51964,0.5296,0.50868,559.75M,-0.89%
19-10-2023,0.51964,0.48777,0.52411,0.4777,647.63M,6.55%
18-10-2023,0.48771,0.49109,0.49229,0.48653,368.52M,-0.69%
17-10-2023,0.4911,0.49777,0.49798,0.48759,376.84M,-1.34%
16-10-2023,0.49777,0.48739,0.50991,0.48541,496.80M,2.13%
15-10-2023,0.48739,0.48651,0.48993,0.4851,127.24M,0.18%
14-10-2023,0.48651,0.48509,0.48831,0.48351,119.84M,0.29%
13-10-2023,0.48512,0.48299,0.49058,0.47872,319.62M,0.44%
12-10-2023,0.48299,0.48896,0.48896,0.4746,346.56M,-1.23%
11-10-2023,0.48898,0.49642,0.49772,0.4795,313.41M,-1.50%
10-10-2023,0.49642,0.50261,0.50261,0.49189,305.92M,-1.23%
09-10-2023,0.5026,0.51748,0.52002,0.49235,442.97M,-2.88%
08-10-2023,0.51752,0.52152,0.52339,0.51638,120.34M,-0.77%
07-10-2023,0.52152,0.5254,0.52548,0.5198,95.15M,-0.74%
06-10-2023,0.52539,0.5227,0.52889,0.51778,298.22M,0.49%
05-10-2023,0.52283,0.53264,0.53264,0.51814,342.91M,-1.84%
04-10-2023,0.53264,0.5389,0.54202,0.52197,630.73M,-1.16%
03-10-2023,0.53891,0.51222,0.54704,0.50643,554.82M,5.20%
02-10-2023,0.51229,0.52395,0.52586,0.5104,449.82M,-2.21%
01-10-2023,0.52389,0.51481,0.52554,0.51386,225.01M,1.76%
30-09-2023,0.51482,0.52171,0.52171,0.51462,205.79M,-1.32%
29-09-2023,0.52171,0.50971,0.54626,0.5062,844.57M,2.35%
28-09-2023,0.50971,0.49947,0.50999,0.49522,341.11M,2.05%
27-09-2023,0.49947,0.50188,0.50687,0.49682,334.64M,-0.50%
26-09-2023,0.50196,0.50564,0.5073,0.49766,365.97M,-0.73%
25-09-2023,0.50565,0.50207,0.50691,0.49191,410.24M,0.71%
24-09-2023,0.50207,0.5076,0.51148,0.49961,150.06M,-1.09%
23-09-2023,0.5076,0.51213,0.51362,0.50579,135.46M,-0.88%
22-09-2023,0.51211,0.50714,0.51663,0.50442,328.36M,0.98%
21-09-2023,0.50716,0.52118,0.52121,0.50067,430.97M,-2.69%
20-09-2023,0.52117,0.51392,0.52487,0.5075,503.98M,1.43%
19-09-2023,0.5138,0.50301,0.51625,0.50124,510.01M,2.15%
18-09-2023,0.50297,0.49259,0.50715,0.48857,464.23M,2.11%
17-09-2023,0.49257,0.49969,0.50034,0.49008,190.79M,-1.42%
16-09-2023,0.49969,0.50048,0.5034,0.49835,176.37M,-0.16%
15-09-2023,0.50049,0.48912,0.50656,0.48807,412.04M,2.33%
14-09-2023,0.48912,0.48328,0.49344,0.48007,321.93M,1.21%
13-09-2023,0.48328,0.48017,0.48894,0.47391,395.13M,0.65%
12-09-2023,0.48017,0.4743,0.48547,0.47011,479.55M,1.23%
11-09-2023,0.47432,0.49691,0.49818,0.46236,661.84M,-4.55%
10-09-2023,0.49691,0.5038,0.50381,0.4932,225.99M,-1.37%
09-09-2023,0.50379,0.50498,0.50498,0.50157,127.51M,-0.24%
08-09-2023,0.50499,0.505,0.507,0.4951,358.56M,0.00%
07-09-2023,0.50499,0.50323,0.50651,0.49657,340.61M,0.35%
06-09-2023,0.50323,0.50558,0.50579,0.49194,391.31M,-0.46%
05-09-2023,0.50556,0.50862,0.50862,0.49937,393.22M,-0.59%
04-09-2023,0.50855,0.50471,0.51263,0.49762,443.63M,0.76%
03-09-2023,0.50473,0.49885,0.50982,0.49731,298.75M,1.18%
02-09-2023,0.49883,0.49804,0.50252,0.49455,331.43M,0.16%
01-09-2023,0.49804,0.51098,0.51181,0.48807,598.12M,-2.53%
31-08-2023,0.51099,0.52834,0.52865,0.49974,541.27M,-3.29%
30-08-2023,0.52838,0.53982,0.54026,0.52216,468.33M,-2.14%
29-08-2023,0.53996,0.52318,0.54751,0.51333,649.47M,3.21%
28-08-2023,0.52319,0.52358,0.52496,0.51211,404.87M,-0.08%
27-08-2023,0.5236,0.52312,0.53,0.52062,258.09M,0.10%
26-08-2023,0.52309,0.52567,0.52785,0.51836,231.57M,-0.49%
25-08-2023,0.52567,0.51862,0.53098,0.5082,517.75M,1.36%
24-08-2023,0.51862,0.53008,0.53187,0.51219,433.37M,-2.16%
23-08-2023,0.53008,0.52074,0.5365,0.51591,493.09M,1.80%
22-08-2023,0.52072,0.5244,0.52537,0.50483,718.43M,-0.70%
21-08-2023,0.5244,0.5385,0.53969,0.50613,868.00M,-2.62%
20-08-2023,0.5385,0.51999,0.55541,0.51643,765.32M,3.56%
19-08-2023,0.51999,0.50597,0.52368,0.50089,549.93M,2.77%
18-08-2023,0.50597,0.50631,0.51994,0.48515,1.21B,-0.13%
17-08-2023,0.50662,0.589,0.59452,0.43345,1.29B,-13.99%
16-08-2023,0.589,0.61039,0.6166,0.57773,847.81M,-3.50%
15-08-2023,0.61039,0.63418,0.63452,0.58729,591.96M,-3.75%
14-08-2023,0.63418,0.62565,0.6368,0.62431,456.28M,1.36%
13-08-2023,0.62565,0.62758,0.63821,0.62437,279.29M,-0.28%
12-08-2023,0.62743,0.63176,0.6331,0.6247,206.00M,-0.69%
11-08-2023,0.63176,0.63305,0.64074,0.62669,419.60M,-0.18%
10-08-2023,0.6329,0.64326,0.64442,0.62468,507.62M,-1.61%
09-08-2023,0.64328,0.64192,0.66526,0.63407,717.55M,0.21%
08-08-2023,0.64191,0.62312,0.64659,0.61455,616.88M,3.01%
07-08-2023,0.62314,0.62397,0.62976,0.60025,720.00M,-0.13%
06-08-2023,0.62397,0.62878,0.63834,0.62151,378.60M,-0.77%
05-08-2023,0.62879,0.63556,0.63571,0.61207,496.93M,-1.07%
04-08-2023,0.63556,0.66322,0.66736,0.6292,581.93M,-4.18%
03-08-2023,0.66326,0.68477,0.6874,0.65711,588.43M,-3.19%
02-08-2023,0.68508,0.70696,0.70763,0.67727,447.75M,-3.10%
01-08-2023,0.70703,0.69765,0.70739,0.67982,609.87M,1.34%
31-07-2023,0.69765,0.70461,0.71985,0.68708,649.90M,-0.99%
30-07-2023,0.70461,0.71207,0.7335,0.68597,453.08M,-1.05%
29-07-2023,0.71207,0.71226,0.71518,0.70508,218.35M,-0.03%
28-07-2023,0.71228,0.71389,0.71841,0.70342,363.73M,-0.23%
27-07-2023,0.71391,0.7163,0.73096,0.70787,547.34M,-0.33%
26-07-2023,0.71628,0.709,0.73044,0.69531,614.79M,1.03%
25-07-2023,0.70898,0.70222,0.71531,0.67541,622.40M,0.96%
24-07-2023,0.70223,0.73843,0.74234,0.68332,831.81M,-4.90%
23-07-2023,0.73844,0.73293,0.75127,0.7161,456.90M,0.75%
22-07-2023,0.73291,0.77131,0.7797,0.72361,492.50M,-4.98%
21-07-2023,0.77131,0.79423,0.7985,0.76169,600.42M,-2.86%
20-07-2023,0.794,0.81981,0.84823,0.77257,908.89M,-3.15%
19-07-2023,0.81982,0.77885,0.84894,0.77167,1.26B,5.25%
18-07-2023,0.77895,0.73749,0.78193,0.73288,801.79M,5.62%
17-07-2023,0.73749,0.74702,0.76444,0.71477,839.35M,-1.28%
16-07-2023,0.74704,0.71452,0.78906,0.70526,1.31B,4.55%
15-07-2023,0.71453,0.71813,0.73286,0.69376,1.01B,-0.51%
14-07-2023,0.71818,0.81557,0.82394,0.67228,2.12B,-11.88%
13-07-2023,0.81502,0.47108,0.92144,0.4696,3.45B,73.01%
12-07-2023,0.47109,0.47529,0.47717,0.46618,307.59M,-0.88%
11-07-2023,0.47529,0.47798,0.47815,0.4711,295.95M,-0.56%
10-07-2023,0.47798,0.4681,0.4799,0.46378,429.53M,2.12%
09-07-2023,0.46806,0.47042,0.47169,0.46688,105.41M,-0.50%
08-07-2023,0.47042,0.4686,0.47468,0.46527,151.24M,0.39%
07-07-2023,0.46861,0.46225,0.47065,0.45856,292.48M,1.37%
06-07-2023,0.46228,0.47761,0.48418,0.46186,395.39M,-3.21%
05-07-2023,0.4776,0.48717,0.49186,0.46977,389.09M,-1.92%
04-07-2023,0.48694,0.4891,0.49348,0.4822,378.46M,-0.45%
03-07-2023,0.48912,0.48442,0.4912,0.47887,469.38M,0.97%
02-07-2023,0.48442,0.47311,0.49556,0.47003,449.38M,2.35%
01-07-2023,0.47329,0.47292,0.47603,0.46484,299.65M,0.08%
30-06-2023,0.47293,0.47462,0.4826,0.45445,541.26M,-0.35%
29-06-2023,0.47461,0.46464,0.4772,0.46149,296.75M,2.14%
28-06-2023,0.46466,0.4838,0.48432,0.45075,471.72M,-3.96%
27-06-2023,0.4838,0.47908,0.48481,0.4765,390.62M,0.98%
26-06-2023,0.47908,0.49023,0.49161,0.4732,402.16M,-2.27%
25-06-2023,0.49022,0.4866,0.49696,0.48312,257.95M,0.75%
24-06-2023,0.4866,0.49593,0.49601,0.48081,263.36M,-1.88%
23-06-2023,0.49592,0.49397,0.50199,0.48499,452.44M,0.39%
22-06-2023,0.49401,0.49994,0.527,0.48823,599.84M,-1.19%
21-06-2023,0.49995,0.49272,0.50331,0.4893,549.21M,1.47%
20-06-2023,0.4927,0.49345,0.49634,0.47303,485.59M,-0.14%
19-06-2023,0.49341,0.48697,0.49818,0.48263,412.31M,1.32%
18-06-2023,0.48699,0.4794,0.4975,0.4754,298.36M,1.58%
17-06-2023,0.4794,0.4758,0.48611,0.46953,247.75M,0.76%
16-06-2023,0.47579,0.48031,0.48309,0.45732,504.55M,-0.94%
15-06-2023,0.48031,0.48011,0.48539,0.46822,461.32M,0.04%
14-06-2023,0.48011,0.51912,0.52028,0.46568,718.20M,-7.51%
13-06-2023,0.51911,0.525,0.5634,0.50579,1.02B,-1.12%
12-06-2023,0.525,0.52074,0.52792,0.50913,478.14M,0.82%
11-06-2023,0.52074,0.5068,0.52888,0.50304,302.45M,2.75%
10-06-2023,0.50682,0.53798,0.53845,0.47696,828.84M,-5.79%
09-06-2023,0.53799,0.52377,0.54061,0.5206,477.70M,2.72%
08-06-2023,0.52377,0.51829,0.52768,0.51572,352.84M,1.06%
07-06-2023,0.51828,0.52991,0.53801,0.50702,613.06M,-2.19%
06-06-2023,0.52989,0.50899,0.53222,0.49702,594.24M,4.11%
05-06-2023,0.50896,0.53581,0.54246,0.49048,808.20M,-5.01%
04-06-2023,0.53581,0.51879,0.54606,0.51531,333.01M,3.28%
03-06-2023,0.5188,0.52466,0.53212,0.51565,234.10M,-1.12%
02-06-2023,0.52467,0.50649,0.52683,0.50413,396.93M,3.59%
01-06-2023,0.50649,0.51678,0.51678,0.50205,421.14M,-1.99%
31-05-2023,0.51678,0.52052,0.52751,0.50119,600.31M,-0.72%
30-05-2023,0.52053,0.49442,0.52891,0.48963,892.90M,5.29%
29-05-2023,0.4944,0.48203,0.49477,0.47668,443.39M,2.57%
28-05-2023,0.48201,0.47175,0.48601,0.47001,229.96M,2.16%
27-05-2023,0.4718,0.46847,0.47852,0.4658,254.85M,0.71%
26-05-2023,0.46847,0.45379,0.46988,0.4525,412.55M,3.25%
25-05-2023,0.45374,0.45307,0.45462,0.4438,282.80M,0.15%
24-05-2023,0.45306,0.4651,0.4651,0.44645,500.06M,-2.59%
23-05-2023,0.4651,0.4617,0.46686,0.459,385.36M,0.74%
22-05-2023,0.4617,0.45746,0.46709,0.45092,414.38M,0.92%
21-05-2023,0.4575,0.46843,0.47051,0.4553,218.48M,-2.33%
20-05-2023,0.46843,0.46747,0.47116,0.46186,186.84M,0.19%
19-05-2023,0.46754,0.45973,0.47458,0.4574,479.51M,1.69%
18-05-2023,0.45977,0.44847,0.47206,0.44308,601.87M,2.61%
17-05-2023,0.44807,0.44259,0.46112,0.43791,722.30M,1.23%
16-05-2023,0.44264,0.42736,0.44281,0.41892,501.10M,3.57%
15-05-2023,0.42736,0.4252,0.43029,0.42161,372.48M,0.50%
14-05-2023,0.42522,0.42401,0.43144,0.42183,142.86M,0.29%
13-05-2023,0.42401,0.43048,0.43048,0.42362,145.07M,-1.51%
12-05-2023,0.43049,0.42064,0.4432,0.41665,562.85M,2.35%
11-05-2023,0.42063,0.43026,0.43042,0.41162,423.24M,-2.24%
10-05-2023,0.43026,0.42888,0.43383,0.41335,505.80M,0.33%
09-05-2023,0.42886,0.42826,0.43077,0.42058,464.67M,0.13%
08-05-2023,0.4283,0.4489,0.451,0.414,678.14M,-4.59%
07-05-2023,0.4489,0.45822,0.4599,0.447,171.58M,-2.03%
06-05-2023,0.4582,0.46706,0.46907,0.45284,237.95M,-1.90%
05-05-2023,0.46706,0.46095,0.47018,0.45694,408.07M,1.31%
04-05-2023,0.46101,0.46344,0.4649,0.45481,311.12M,-0.52%
03-05-2023,0.46343,0.46457,0.46532,0.45041,488.00M,-0.25%
02-05-2023,0.46457,0.46489,0.4659,0.4579,449.59M,-0.07%
01-05-2023,0.4649,0.47056,0.4723,0.45564,464.92M,-1.19%
30-04-2023,0.47052,0.478,0.4818,0.46916,202.09M,-1.56%
29-04-2023,0.47798,0.4796,0.48595,0.47274,238.18M,-0.36%
28-04-2023,0.47971,0.46668,0.4823,0.46381,533.69M,2.79%
27-04-2023,0.4667,0.46182,0.46962,0.4562,498.17M,1.06%
26-04-2023,0.4618,0.46967,0.483,0.43638,774.76M,-1.68%
25-04-2023,0.46967,0.46071,0.47188,0.45076,537.49M,1.95%
24-04-2023,0.4607,0.46478,0.48419,0.44854,583.54M,-0.89%
23-04-2023,0.46485,0.47191,0.47191,0.45385,313.91M,-1.50%
22-04-2023,0.47191,0.44899,0.47512,0.44567,346.08M,5.05%
21-04-2023,0.44923,0.47518,0.47895,0.44045,607.93M,-5.46%
20-04-2023,0.4752,0.4911,0.49907,0.46563,634.89M,-3.24%
19-04-2023,0.49111,0.53237,0.53706,0.47829,889.03M,-7.66%
18-04-2023,0.53184,0.51088,0.53746,0.50946,503.97M,4.10%
17-04-2023,0.51089,0.5209,0.52091,0.50687,431.00M,-1.92%
16-04-2023,0.52089,0.5193,0.52421,0.51539,221.06M,0.31%
15-04-2023,0.5193,0.52269,0.52609,0.51701,219.33M,-0.65%
14-04-2023,0.52269,0.51244,0.54532,0.51119,637.31M,2.00%
13-04-2023,0.51244,0.50472,0.51481,0.50141,391.58M,1.53%
12-04-2023,0.50473,0.51682,0.51782,0.4999,489.67M,-2.35%
11-04-2023,0.51686,0.51765,0.52703,0.51173,507.10M,-0.15%
10-04-2023,0.51766,0.50539,0.51972,0.50018,380.21M,2.43%
09-04-2023,0.50539,0.50497,0.50902,0.4992,167.09M,0.08%
08-04-2023,0.50497,0.51294,0.51294,0.50288,171.35M,-1.57%
07-04-2023,0.51301,0.5028,0.51518,0.49805,393.28M,2.02%
06-04-2023,0.50284,0.50559,0.50968,0.49279,401.75M,-0.55%
05-04-2023,0.5056,0.5027,0.52659,0.49873,527.18M,0.58%
04-04-2023,0.5027,0.49574,0.5076,0.48738,462.51M,1.41%
03-04-2023,0.4957,0.51804,0.52447,0.48385,663.37M,-4.31%
02-04-2023,0.51804,0.5095,0.52877,0.50162,503.34M,1.68%
01-04-2023,0.50949,0.53792,0.53792,0.49849,650.03M,-5.30%
31-03-2023,0.53799,0.53217,0.5482,0.5272,668.82M,1.09%
30-03-2023,0.53217,0.54242,0.55652,0.52498,1.03B,-1.95%
29-03-2023,0.54274,0.51442,0.58209,0.51442,1.63B,5.50%
28-03-2023,0.51443,0.47922,0.53312,0.4685,1.42B,7.33%
27-03-2023,0.4793,0.44795,0.48824,0.44258,1.28B,6.99%
26-03-2023,0.44797,0.44309,0.463,0.44066,483.05M,1.08%
25-03-2023,0.44321,0.4256,0.46416,0.42263,830.88M,4.14%
24-03-2023,0.42557,0.44381,0.44384,0.41561,691.45M,-4.15%
23-03-2023,0.44398,0.42129,0.45431,0.41183,1.08B,5.43%
22-03-2023,0.42112,0.46935,0.4747,0.40995,1.82B,-10.07%
21-03-2023,0.46829,0.3732,0.49268,0.37295,2.18B,25.49%
20-03-2023,0.37318,0.38574,0.39114,0.37145,623.52M,-3.19%
19-03-2023,0.38549,0.37398,0.39989,0.37371,652.63M,3.08%
18-03-2023,0.37396,0.37986,0.38907,0.37,491.19M,-1.56%
17-03-2023,0.3799,0.36479,0.38129,0.36218,579.90M,4.14%
16-03-2023,0.3648,0.35897,0.36661,0.35656,374.92M,1.62%
15-03-2023,0.35899,0.3726,0.37575,0.35652,546.76M,-3.65%
14-03-2023,0.3726,0.37233,0.38667,0.36485,741.20M,0.07%
13-03-2023,0.37232,0.37139,0.37967,0.3568,793.43M,0.27%
12-03-2023,0.3713,0.36378,0.3713,0.34797,552.16M,2.05%
11-03-2023,0.36385,0.36998,0.37374,0.35888,506.12M,-1.66%
10-03-2023,0.36999,0.37061,0.37493,0.35781,758.96M,-0.27%
09-03-2023,0.37099,0.3887,0.39737,0.36491,933.16M,-4.57%
08-03-2023,0.38874,0.38019,0.40041,0.3725,966.40M,2.25%
07-03-2023,0.3802,0.36951,0.38432,0.36698,833.56M,2.85%
06-03-2023,0.36964,0.36677,0.37393,0.35979,624.87M,0.77%
05-03-2023,0.36681,0.3735,0.3772,0.3656,250.28M,-1.79%
04-03-2023,0.37351,0.37737,0.37974,0.36827,259.12M,-1.03%
03-03-2023,0.37738,0.37715,0.38046,0.35553,695.08M,0.06%
02-03-2023,0.37715,0.38366,0.38441,0.37378,440.59M,-1.70%
01-03-2023,0.38366,0.3762,0.38422,0.3728,454.72M,1.98%
28-02-2023,0.3762,0.3785,0.38251,0.37208,575.91M,-0.61%
27-02-2023,0.3785,0.37798,0.38011,0.37107,602.00M,0.14%
26-02-2023,0.37799,0.37786,0.38059,0.3746,200.97M,0.03%
25-02-2023,0.37786,0.37843,0.37933,0.37088,285.25M,-0.15%
24-02-2023,0.37844,0.38828,0.39079,0.37253,506.55M,-2.54%
23-02-2023,0.38829,0.39515,0.3978,0.38572,490.03M,-1.72%
22-02-2023,0.39507,0.3919,0.39739,0.38318,566.95M,0.81%
21-02-2023,0.39189,0.39841,0.40161,0.38747,594.30M,-1.64%
20-02-2023,0.39841,0.38638,0.40831,0.37802,732.42M,3.11%
19-02-2023,0.38641,0.39427,0.39782,0.38536,328.36M,-1.99%
18-02-2023,0.39427,0.39498,0.39742,0.39123,196.16M,-0.15%
17-02-2023,0.39486,0.38416,0.39991,0.38107,475.63M,2.78%
16-02-2023,0.38417,0.40111,0.40438,0.38417,594.20M,-4.23%
15-02-2023,0.40113,0.38207,0.40224,0.37658,515.88M,4.99%
14-02-2023,0.38207,0.37043,0.38379,0.36462,507.21M,3.14%
13-02-2023,0.37045,0.37477,0.37807,0.36293,538.01M,-1.17%
12-02-2023,0.37482,0.38349,0.3848,0.37214,191.17M,-2.26%
11-02-2023,0.38349,0.38203,0.3841,0.38021,166.46M,0.37%
10-02-2023,0.38207,0.38172,0.38769,0.3779,376.95M,0.11%
09-02-2023,0.38167,0.3976,0.40805,0.37413,721.48M,-4.01%
08-02-2023,0.3976,0.4036,0.4057,0.39374,374.80M,-1.49%
07-02-2023,0.40361,0.39192,0.4047,0.39025,478.44M,2.99%
06-02-2023,0.39189,0.39841,0.40351,0.39102,417.17M,-1.64%
05-02-2023,0.39842,0.41091,0.41168,0.39542,327.69M,-3.04%
04-02-2023,0.41093,0.41153,0.42025,0.40764,243.58M,-0.14%
03-02-2023,0.41152,0.40961,0.41368,0.40604,369.09M,0.46%
02-02-2023,0.40962,0.41325,0.41874,0.40849,436.84M,-0.89%
01-02-2023,0.41328,0.40569,0.41568,0.39699,506.19M,1.86%
31-01-2023,0.40572,0.39353,0.41119,0.38837,466.63M,3.08%
30-01-2023,0.39359,0.41331,0.42151,0.38936,575.47M,-4.77%
29-01-2023,0.41328,0.40787,0.41718,0.4066,223.15M,1.33%
28-01-2023,0.40787,0.41279,0.41598,0.40589,199.75M,-1.20%
27-01-2023,0.41281,0.40943,0.41339,0.39916,359.88M,0.82%
26-01-2023,0.40944,0.41672,0.41778,0.4063,384.61M,-1.81%
25-01-2023,0.417,0.40785,0.42437,0.39782,489.94M,2.23%
24-01-2023,0.40791,0.42386,0.43101,0.40403,549.09M,-3.79%
23-01-2023,0.42396,0.40039,0.43205,0.39983,935.74M,5.89%
22-01-2023,0.40039,0.40339,0.41164,0.39671,339.50M,-0.70%
21-01-2023,0.40323,0.41281,0.41608,0.40072,467.16M,-2.40%
20-01-2023,0.41312,0.3928,0.41369,0.38612,487.22M,5.15%
19-01-2023,0.39288,0.37863,0.39556,0.3767,555.14M,3.75%
18-01-2023,0.37869,0.38694,0.39554,0.36943,830.01M,-2.13%
17-01-2023,0.38693,0.38604,0.39812,0.37951,514.11M,0.20%
16-01-2023,0.38616,0.38475,0.40627,0.37921,730.00M,0.37%
15-01-2023,0.38474,0.3953,0.39675,0.37995,402.04M,-2.66%
14-01-2023,0.39526,0.386,0.40855,0.38174,786.84M,2.39%
13-01-2023,0.38603,0.37482,0.38669,0.36916,541.81M,2.99%
12-01-2023,0.37483,0.37289,0.37941,0.36336,690.96M,0.52%
11-01-2023,0.37289,0.35077,0.37699,0.34775,858.01M,6.30%
10-01-2023,0.35078,0.34895,0.354,0.34338,474.09M,0.52%
09-01-2023,0.34897,0.34481,0.35716,0.34379,754.29M,1.22%
08-01-2023,0.34475,0.34413,0.34612,0.33813,269.19M,0.19%
07-01-2023,0.34412,0.34436,0.34558,0.3415,145.19M,-0.07%
06-01-2023,0.34436,0.33795,0.34597,0.33137,409.47M,1.90%
05-01-2023,0.33795,0.34763,0.34869,0.33635,374.32M,-2.82%
04-01-2023,0.34776,0.34365,0.35147,0.34223,520.59M,1.19%
03-01-2023,0.34367,0.3482,0.35187,0.34143,472.17M,-1.30%
02-01-2023,0.34819,0.33869,0.35447,0.31516,913.67M,2.81%
01-01-2023,0.33868,0.33876,0.33989,0.33552,144.21M,-0.01%
31-12-2022,0.33872,0.34516,0.34518,0.33872,186.73M,-1.87%
30-12-2022,0.34519,0.3421,0.34561,0.3338,371.00M,0.90%
29-12-2022,0.3421,0.35594,0.3577,0.33749,504.02M,-3.91%
28-12-2022,0.35601,0.36749,0.36861,0.35498,481.85M,-3.12%
27-12-2022,0.36749,0.36587,0.37257,0.35885,521.31M,0.43%
26-12-2022,0.36591,0.34577,0.36967,0.3456,460.67M,5.81%
25-12-2022,0.34581,0.35199,0.35199,0.34422,149.48M,-1.76%
24-12-2022,0.352,0.3543,0.3543,0.35045,90.12M,-0.65%
23-12-2022,0.3543,0.34941,0.35467,0.34688,302.95M,1.40%
22-12-2022,0.34941,0.3449,0.35012,0.34161,354.21M,1.13%
21-12-2022,0.34552,0.34849,0.35035,0.33843,402.45M,-0.88%
20-12-2022,0.34857,0.33895,0.35294,0.33597,476.39M,2.84%
19-12-2022,0.33894,0.34981,0.3529,0.33286,507.18M,-3.11%
18-12-2022,0.34981,0.35459,0.35522,0.34767,144.56M,-1.35%
17-12-2022,0.35458,0.35121,0.35689,0.34735,280.23M,0.96%
16-12-2022,0.35121,0.37791,0.37972,0.34622,512.67M,-7.07%
15-12-2022,0.37793,0.38519,0.38658,0.37441,325.00M,-1.89%
14-12-2022,0.38519,0.39527,0.39527,0.37791,443.89M,-2.55%
13-12-2022,0.39527,0.38724,0.39666,0.37858,571.04M,2.08%
12-12-2022,0.38723,0.38089,0.38953,0.37149,449.00M,1.64%
11-12-2022,0.38098,0.38658,0.38849,0.37884,133.07M,-1.44%
10-12-2022,0.38657,0.3889,0.3892,0.38559,132.18M,-0.58%
09-12-2022,0.38882,0.39429,0.39502,0.38561,342.35M,-1.39%
08-12-2022,0.39428,0.3833,0.3958,0.38316,368.14M,2.87%
07-12-2022,0.38327,0.39146,0.39246,0.37518,399.32M,-2.10%
06-12-2022,0.39148,0.38937,0.39238,0.38088,401.29M,0.54%
05-12-2022,0.38939,0.38973,0.39504,0.38138,438.02M,-0.09%
04-12-2022,0.38973,0.38728,0.39299,0.38635,178.56M,0.68%
03-12-2022,0.38711,0.39629,0.39643,0.3855,203.82M,-2.32%
02-12-2022,0.39631,0.39672,0.3974,0.38392,339.93M,-0.10%
01-12-2022,0.3967,0.40779,0.40917,0.39446,332.05M,-2.72%
30-11-2022,0.4078,0.39802,0.4112,0.39348,429.20M,2.45%
29-11-2022,0.39804,0.38871,0.40329,0.38329,464.52M,2.25%
28-11-2022,0.38929,0.39612,0.399,0.3741,570.56M,-1.72%
27-11-2022,0.39611,0.39616,0.40905,0.39481,262.33M,0.00%
26-11-2022,0.39611,0.40778,0.41438,0.39352,242.81M,-2.86%
25-11-2022,0.40775,0.40198,0.41878,0.38941,554.66M,1.44%
24-11-2022,0.40197,0.38182,0.40448,0.37438,582.06M,5.27%
23-11-2022,0.38183,0.37576,0.38229,0.36822,457.82M,1.62%
22-11-2022,0.37576,0.36459,0.37807,0.35138,600.91M,3.08%
21-11-2022,0.36455,0.36123,0.36828,0.34668,758.31M,0.90%
20-11-2022,0.36129,0.38403,0.39598,0.35992,396.50M,-5.92%
19-11-2022,0.38401,0.38039,0.38822,0.37989,199.13M,0.62%
18-11-2022,0.38166,0.38379,0.38487,0.37519,380.62M,-0.19%
17-11-2022,0.38239,0.37386,0.38619,0.36936,545.28M,2.36%
16-11-2022,0.37355,0.389,0.39098,0.36229,471.29M,-3.99%
15-11-2022,0.38908,0.37684,0.39657,0.36701,720.64M,3.26%
14-11-2022,0.37681,0.34082,0.37908,0.32185,909.99M,10.56%
13-11-2022,0.34082,0.36344,0.36922,0.33293,443.13M,-6.22%
12-11-2022,0.36341,0.3843,0.38434,0.3597,342.07M,-5.43%
11-11-2022,0.38429,0.39463,0.39895,0.36638,626.43M,-2.64%
10-11-2022,0.39469,0.33213,0.40259,0.33066,1.07B,18.86%
09-11-2022,0.33206,0.40603,0.4108,0.32032,1.24B,-18.22%
08-11-2022,0.40602,0.465,0.46679,0.34025,1.33B,-12.69%
07-11-2022,0.46504,0.47098,0.47982,0.4593,444.10M,-1.27%
06-11-2022,0.471,0.49301,0.49444,0.4689,224.89M,-4.47%
05-11-2022,0.49302,0.50606,0.5096,0.4901,279.44M,-2.56%
04-11-2022,0.50596,0.45488,0.5075,0.45335,771.35M,11.23%
03-11-2022,0.45488,0.44994,0.45979,0.4489,321.04M,1.10%
02-11-2022,0.44992,0.46359,0.46582,0.44536,431.74M,-2.95%
01-11-2022,0.46361,0.46434,0.46698,0.45454,382.58M,-0.16%
31-10-2022,0.46434,0.45805,0.46699,0.44851,449.10M,1.38%
30-10-2022,0.45803,0.47024,0.47307,0.45427,279.44M,-2.57%
29-10-2022,0.47011,0.47445,0.48358,0.46664,447.66M,-0.92%
28-10-2022,0.47449,0.4615,0.47532,0.45659,372.22M,2.80%
27-10-2022,0.46158,0.46896,0.48183,0.45872,568.85M,-1.58%
26-10-2022,0.469,0.46055,0.47088,0.4569,463.93M,1.83%
25-10-2022,0.46055,0.45314,0.47251,0.44372,511.21M,1.63%
24-10-2022,0.45318,0.46882,0.47233,0.44834,391.99M,-3.34%
23-10-2022,0.46883,0.46533,0.47208,0.45222,298.41M,0.73%
22-10-2022,0.46542,0.4612,0.47038,0.45633,259.59M,0.92%
21-10-2022,0.46119,0.44651,0.4614,0.43604,535.22M,3.26%
20-10-2022,0.44665,0.45063,0.46441,0.42958,573.03M,-0.89%
19-10-2022,0.45064,0.4658,0.4666,0.44846,470.77M,-3.26%
18-10-2022,0.46582,0.4804,0.48406,0.45759,439.64M,-2.92%
17-10-2022,0.47982,0.47659,0.48246,0.46295,396.30M,0.67%
16-10-2022,0.47661,0.48182,0.48727,0.47099,311.82M,-1.08%
15-10-2022,0.48181,0.48846,0.48994,0.47872,234.48M,-1.36%
14-10-2022,0.48847,0.47909,0.5118,0.47844,644.51M,1.95%
13-10-2022,0.47911,0.48818,0.48939,0.4421,874.79M,-1.86%
12-10-2022,0.4882,0.48609,0.49578,0.48218,368.61M,0.43%
11-10-2022,0.4861,0.49375,0.50226,0.47921,639.11M,-1.55%
10-10-2022,0.49376,0.53251,0.53788,0.49376,717.97M,-7.30%
09-10-2022,0.53262,0.51717,0.54678,0.50641,507.03M,2.99%
08-10-2022,0.51716,0.51768,0.52869,0.5112,485.42M,-0.12%
07-10-2022,0.51775,0.49351,0.52633,0.4824,727.40M,4.90%
06-10-2022,0.49357,0.48871,0.50561,0.48851,581.53M,1.00%
05-10-2022,0.48869,0.47958,0.50066,0.47229,795.81M,1.90%
04-10-2022,0.47959,0.46223,0.48503,0.45206,729.11M,3.74%
03-10-2022,0.46228,0.44829,0.46906,0.43821,573.49M,3.12%
02-10-2022,0.44831,0.47534,0.47811,0.44541,493.04M,-5.70%
01-10-2022,0.47542,0.47989,0.48625,0.46765,483.10M,-0.93%
30-09-2022,0.47989,0.487,0.49861,0.47094,981.82M,-1.45%
29-09-2022,0.48693,0.4488,0.50859,0.42761,1.10B,8.50%
28-09-2022,0.44877,0.44681,0.45529,0.41763,860.09M,0.43%
27-09-2022,0.44684,0.4682,0.48743,0.43698,912.72M,-4.56%
26-09-2022,0.46819,0.49188,0.50156,0.45805,953.40M,-4.84%
25-09-2022,0.49202,0.48782,0.51964,0.47615,1.17B,0.86%
24-09-2022,0.48781,0.50773,0.51885,0.47238,1.17B,-3.91%
23-09-2022,0.50768,0.48582,0.55696,0.45676,2.73B,4.63%
22-09-2022,0.48522,0.39402,0.49396,0.39399,2.03B,23.14%
21-09-2022,0.39403,0.41464,0.43155,0.38478,1.45B,-5.00%
20-09-2022,0.41477,0.38473,0.42258,0.37101,1.73B,7.75%
19-09-2022,0.38493,0.35784,0.39252,0.3403,1.17B,7.58%
18-09-2022,0.3578,0.37588,0.39753,0.35598,1.07B,-4.81%
17-09-2022,0.37587,0.35519,0.37994,0.34648,712.35M,5.80%
16-09-2022,0.35525,0.32629,0.35766,0.3219,615.85M,8.86%
15-09-2022,0.32635,0.34175,0.34268,0.32458,705.31M,-4.53%
14-09-2022,0.34183,0.3326,0.34411,0.33153,608.62M,2.77%
13-09-2022,0.33261,0.35977,0.36019,0.33113,652.15M,-7.55%
12-09-2022,0.35977,0.35518,0.35999,0.348,424.58M,1.29%
11-09-2022,0.3552,0.3573,0.36014,0.3496,255.60M,-0.59%
10-09-2022,0.3573,0.35691,0.36172,0.35178,330.50M,0.10%
09-09-2022,0.35694,0.33958,0.359,0.33946,587.11M,5.11%
08-09-2022,0.33958,0.33684,0.34325,0.32841,434.48M,0.84%
07-09-2022,0.33676,0.3214,0.33852,0.31367,486.16M,4.78%
06-09-2022,0.3214,0.33288,0.34304,0.3196,590.01M,-3.47%
05-09-2022,0.33294,0.33172,0.33354,0.32267,309.63M,0.37%
04-09-2022,0.33172,0.32977,0.3327,0.32783,172.37M,0.64%
03-09-2022,0.32962,0.33143,0.33356,0.32669,189.98M,-0.55%
02-09-2022,0.33143,0.33315,0.33528,0.32531,341.49M,-0.51%
01-09-2022,0.33313,0.32772,0.33337,0.32175,382.36M,1.65%
31-08-2022,0.32771,0.32668,0.33389,0.32312,394.94M,0.33%
30-08-2022,0.32662,0.33386,0.33559,0.32041,431.01M,-2.17%
29-08-2022,0.33388,0.32234,0.33396,0.3187,480.91M,3.62%
28-08-2022,0.32224,0.33461,0.33717,0.32167,273.06M,-3.70%
27-08-2022,0.33461,0.33919,0.34365,0.32914,327.26M,-1.29%
26-08-2022,0.33899,0.3491,0.37003,0.33255,782.04M,-2.90%
25-08-2022,0.34911,0.34562,0.35209,0.34366,399.65M,1.01%
24-08-2022,0.34561,0.34721,0.35243,0.33903,371.60M,-0.44%
23-08-2022,0.34714,0.34408,0.34791,0.33275,425.19M,0.87%
22-08-2022,0.34415,0.34487,0.34505,0.33158,451.15M,-0.16%
21-08-2022,0.34471,0.33678,0.34834,0.33552,313.56M,2.35%
20-08-2022,0.33678,0.33456,0.34266,0.33218,353.66M,0.65%
19-08-2022,0.33459,0.37024,0.37031,0.33152,746.16M,-9.63%
18-08-2022,0.37024,0.37957,0.38112,0.36927,375.45M,-2.46%
17-08-2022,0.37957,0.37698,0.39182,0.36851,590.03M,0.69%
16-08-2022,0.37696,0.37507,0.37819,0.36679,375.77M,0.49%
15-08-2022,0.37511,0.37569,0.38491,0.36625,454.56M,-0.15%
14-08-2022,0.37566,0.378,0.39211,0.3741,351.61M,-0.62%
13-08-2022,0.37799,0.3794,0.38713,0.37644,239.06M,-0.37%
12-08-2022,0.37938,0.38015,0.38079,0.37026,349.89M,-0.20%
11-08-2022,0.38015,0.3814,0.38554,0.37735,427.94M,-0.32%
10-08-2022,0.38137,0.36731,0.38143,0.35862,432.45M,3.81%
09-08-2022,0.36736,0.37878,0.37998,0.36097,355.88M,-3.02%
08-08-2022,0.37878,0.37227,0.38453,0.3714,404.56M,1.75%
07-08-2022,0.37227,0.3714,0.37707,0.36819,144.56M,0.24%
06-08-2022,0.3714,0.3764,0.3776,0.37065,136.31M,-1.33%
05-08-2022,0.3764,0.37084,0.37824,0.36748,292.34M,1.50%
04-08-2022,0.37083,0.36951,0.37489,0.36438,290.34M,0.36%
03-08-2022,0.36951,0.37148,0.3773,0.36322,353.81M,-0.53%
02-08-2022,0.37147,0.37907,0.39344,0.36702,443.99M,-2.01%
01-08-2022,0.37908,0.37927,0.38579,0.37133,342.91M,-0.05%
31-07-2022,0.37928,0.38768,0.39865,0.37857,359.21M,-2.16%
30-07-2022,0.38767,0.36776,0.40906,0.36339,583.13M,5.43%
29-07-2022,0.3677,0.3738,0.37972,0.35976,443.23M,-1.62%
28-07-2022,0.37377,0.35942,0.37895,0.34946,533.67M,3.98%
27-07-2022,0.35948,0.33758,0.3596,0.33044,446.60M,6.48%
26-07-2022,0.33761,0.33578,0.33835,0.32559,425.20M,0.55%
25-07-2022,0.33577,0.35861,0.36011,0.33561,394.69M,-6.37%
24-07-2022,0.35861,0.35929,0.36663,0.356,242.34M,-0.20%
23-07-2022,0.35932,0.35766,0.36276,0.34987,203.40M,0.47%
22-07-2022,0.35765,0.36679,0.37133,0.35427,329.79M,-2.50%
21-07-2022,0.36681,0.36256,0.36822,0.34886,394.25M,1.17%
20-07-2022,0.36258,0.3734,0.38145,0.35761,485.32M,-2.90%
19-07-2022,0.37341,0.36565,0.37657,0.35165,544.06M,2.11%
18-07-2022,0.3657,0.34317,0.36963,0.34307,572.00M,6.58%
17-07-2022,0.34314,0.35036,0.3604,0.34245,290.48M,-2.10%
16-07-2022,0.35051,0.33403,0.35594,0.33157,385.80M,4.94%
15-07-2022,0.33403,0.33363,0.34864,0.32777,538.80M,0.12%
14-07-2022,0.33363,0.3237,0.33388,0.31262,456.44M,3.07%
13-07-2022,0.3237,0.31172,0.32563,0.30335,520.81M,3.85%
12-07-2022,0.31171,0.3151,0.31802,0.30801,375.63M,-1.08%
11-07-2022,0.3151,0.32531,0.32888,0.31097,358.57M,-3.14%
10-07-2022,0.3253,0.34478,0.34488,0.32058,324.31M,-5.65%
09-07-2022,0.34478,0.3407,0.34762,0.33966,182.92M,1.18%
08-07-2022,0.34075,0.34244,0.35837,0.33601,549.48M,-0.58%
07-07-2022,0.34274,0.33248,0.3452,0.32692,384.27M,3.10%
06-07-2022,0.33244,0.32567,0.33399,0.32008,450.08M,2.06%
05-07-2022,0.32574,0.32861,0.33094,0.31339,492.08M,-0.87%
04-07-2022,0.32859,0.32146,0.32976,0.31481,379.97M,2.22%
03-07-2022,0.32144,0.31553,0.32562,0.30916,279.12M,1.89%
02-07-2022,0.31549,0.31397,0.31795,0.30979,251.14M,0.49%
01-07-2022,0.31397,0.33205,0.33446,0.31046,511.23M,-5.44%
30-06-2022,0.33202,0.3294,0.33249,0.30612,646.65M,0.80%
29-06-2022,0.3294,0.33743,0.34153,0.32064,474.44M,-2.38%
28-06-2022,0.33743,0.3534,0.3556,0.33568,453.52M,-4.50%
27-06-2022,0.35332,0.35904,0.36696,0.34904,381.45M,-1.59%
26-06-2022,0.35903,0.36754,0.3748,0.35771,258.89M,-2.31%
25-06-2022,0.36752,0.36734,0.37378,0.3544,292.63M,0.04%
24-06-2022,0.36738,0.33571,0.38633,0.33513,808.82M,9.44%
23-06-2022,0.33568,0.32224,0.33686,0.32142,408.83M,4.19%
22-06-2022,0.32219,0.32936,0.32958,0.31907,443.83M,-2.18%
21-06-2022,0.32936,0.32242,0.3371,0.31922,518.67M,2.15%
20-06-2022,0.32242,0.32628,0.32861,0.31377,463.92M,-1.18%
19-06-2022,0.32626,0.3075,0.33267,0.29839,515.68M,6.10%
18-06-2022,0.3075,0.32092,0.32627,0.28757,717.57M,-4.18%
17-06-2022,0.32092,0.31311,0.33948,0.31065,571.41M,2.52%
16-06-2022,0.31304,0.3436,0.34696,0.30746,788.83M,-8.89%
15-06-2022,0.34359,0.32173,0.34662,0.29883,1.15B,6.78%
14-06-2022,0.32177,0.31165,0.32486,0.29388,1.06B,3.24%
13-06-2022,0.31166,0.34322,0.34993,0.30155,1.41B,-9.18%
12-06-2022,0.34318,0.35966,0.36513,0.33994,602.16M,-4.56%
11-06-2022,0.35957,0.38154,0.3884,0.35634,473.87M,-5.76%
10-06-2022,0.38155,0.40025,0.41173,0.37725,600.31M,-4.67%
09-06-2022,0.40024,0.40055,0.404,0.39695,396.77M,-0.07%
08-06-2022,0.4005,0.4076,0.41019,0.39511,479.64M,-1.76%
07-06-2022,0.40767,0.40277,0.41706,0.38513,671.05M,1.22%
06-06-2022,0.40277,0.39543,0.40919,0.39419,415.31M,1.86%
05-06-2022,0.39542,0.39242,0.39949,0.38965,215.22M,0.76%
04-06-2022,0.39242,0.39037,0.39389,0.38497,216.56M,0.53%
03-06-2022,0.39037,0.40545,0.41032,0.38432,473.68M,-3.72%
02-06-2022,0.40545,0.398,0.40705,0.39099,558.63M,1.86%
01-06-2022,0.39802,0.42162,0.42625,0.38985,671.55M,-5.58%
31-05-2022,0.42156,0.41861,0.43342,0.40694,634.00M,0.71%
30-05-2022,0.41859,0.3891,0.41955,0.38699,552.42M,7.58%
29-05-2022,0.3891,0.38631,0.39004,0.37945,279.30M,0.71%
28-05-2022,0.38637,0.38155,0.38868,0.38068,333.92M,1.28%
27-05-2022,0.38149,0.39256,0.40285,0.3766,792.88M,-2.84%
26-05-2022,0.39265,0.40617,0.41088,0.37714,862.26M,-3.33%
25-05-2022,0.4062,0.40859,0.41329,0.39577,584.59M,-0.58%
24-05-2022,0.40858,0.40517,0.4135,0.39084,439.11M,0.86%
23-05-2022,0.40509,0.4218,0.42854,0.4005,443.63M,-3.96%
22-05-2022,0.4218,0.41446,0.42495,0.41044,268.32M,1.76%
21-05-2022,0.41449,0.41021,0.41793,0.40368,251.00M,1.04%
20-05-2022,0.41021,0.42026,0.43955,0.40176,619.25M,-2.39%
19-05-2022,0.42026,0.40519,0.42394,0.392,507.82M,3.71%
18-05-2022,0.40523,0.43791,0.44248,0.40472,667.12M,-7.46%
17-05-2022,0.43789,0.42304,0.44021,0.41732,674.39M,3.53%
16-05-2022,0.42296,0.44798,0.44798,0.40952,768.30M,-5.58%
15-05-2022,0.44795,0.4261,0.44953,0.41537,485.87M,5.13%
14-05-2022,0.42609,0.42282,0.44069,0.39656,808.36M,0.77%
13-05-2022,0.42282,0.38487,0.46321,0.38092,1.18B,9.85%
12-05-2022,0.3849,0.41579,0.4288,0.33665,2.43B,-7.41%
11-05-2022,0.41569,0.51326,0.52299,0.36553,2.58B,-19.00%
10-05-2022,0.51321,0.48731,0.53627,0.47336,1.51B,5.24%
09-05-2022,0.48766,0.56622,0.57851,0.47514,1.35B,-13.87%
08-05-2022,0.56619,0.58075,0.58286,0.55848,559.53M,-2.51%
07-05-2022,0.58075,0.60218,0.6043,0.56966,410.71M,-3.56%
06-05-2022,0.60218,0.59815,0.61571,0.58819,627.49M,0.69%
05-05-2022,0.59809,0.64606,0.6567,0.58954,737.32M,-7.43%
04-05-2022,0.64609,0.60464,0.64926,0.60422,603.13M,6.86%
03-05-2022,0.60461,0.61438,0.62727,0.5962,486.44M,-1.59%
02-05-2022,0.61438,0.607,0.63039,0.5986,565.44M,1.21%
01-05-2022,0.60702,0.58523,0.61236,0.57763,484.63M,3.72%
30-04-2022,0.58523,0.61153,0.62821,0.57131,572.63M,-4.30%
29-04-2022,0.61153,0.64282,0.64692,0.601,582.82M,-4.86%
28-04-2022,0.64279,0.65213,0.65683,0.6345,450.14M,-1.43%
27-04-2022,0.65211,0.64231,0.66225,0.63702,496.81M,1.51%
26-04-2022,0.64239,0.69308,0.70558,0.6291,634.35M,-7.31%
25-04-2022,0.69308,0.69832,0.69926,0.64634,647.88M,-0.75%
24-04-2022,0.69835,0.70549,0.71174,0.69574,229.18M,-1.01%
23-04-2022,0.70547,0.71783,0.72631,0.7031,348.93M,-1.72%
22-04-2022,0.71778,0.73275,0.73862,0.71488,461.04M,-2.05%
21-04-2022,0.7328,0.75165,0.7673,0.7205,500.74M,-2.51%
20-04-2022,0.75164,0.77478,0.77512,0.74248,493.23M,-2.99%
19-04-2022,0.77478,0.76963,0.78145,0.75908,567.78M,0.73%
18-04-2022,0.76917,0.75194,0.7694,0.72817,596.69M,2.30%
17-04-2022,0.75191,0.78102,0.78582,0.7483,422.30M,-3.73%
16-04-2022,0.78104,0.78573,0.7988,0.76616,439.79M,-0.58%
15-04-2022,0.7856,0.72625,0.79564,0.72621,812.68M,8.17%
14-04-2022,0.72628,0.72291,0.7406,0.70898,462.78M,0.49%
13-04-2022,0.72276,0.71509,0.72505,0.70203,433.36M,1.14%
12-04-2022,0.71462,0.69461,0.72506,0.69248,500.45M,2.88%
11-04-2022,0.69458,0.75422,0.7555,0.68415,648.89M,-7.91%
10-04-2022,0.7542,0.7622,0.77251,0.75289,234.62M,-1.05%
09-04-2022,0.76221,0.75509,0.76627,0.75341,197.11M,0.93%
08-04-2022,0.7552,0.78729,0.79337,0.74696,406.46M,-4.11%
07-04-2022,0.78756,0.75958,0.79076,0.75295,372.84M,3.68%
06-04-2022,0.75957,0.81643,0.81846,0.7586,610.29M,-6.96%
05-04-2022,0.81643,0.82637,0.83611,0.81476,316.93M,-1.21%
04-04-2022,0.82647,0.84305,0.84317,0.8065,399.05M,-1.97%
03-04-2022,0.84312,0.82392,0.8498,0.81521,294.49M,2.36%
02-04-2022,0.82369,0.82772,0.84972,0.8203,385.67M,-0.49%
01-04-2022,0.82774,0.81495,0.8339,0.80755,472.97M,1.56%
31-03-2022,0.81504,0.86136,0.87264,0.7982,630.62M,-5.38%
30-03-2022,0.86135,0.85771,0.8716,0.84659,392.68M,0.42%
29-03-2022,0.85771,0.86287,0.88545,0.84364,484.88M,-0.59%
28-03-2022,0.86282,0.85793,0.91125,0.85351,820.30M,0.59%
27-03-2022,0.85775,0.83286,0.85803,0.8287,346.34M,2.99%
26-03-2022,0.83286,0.82407,0.83493,0.82067,219.77M,1.07%
25-03-2022,0.82408,0.84265,0.84547,0.82083,385.53M,-2.22%
24-03-2022,0.84279,0.83763,0.84964,0.82739,515.91M,0.61%
23-03-2022,0.83765,0.8366,0.84563,0.8188,449.85M,0.13%
22-03-2022,0.8366,0.83734,0.86489,0.828,554.92M,-0.09%
21-03-2022,0.83736,0.80595,0.85426,0.78882,584.25M,3.88%
20-03-2022,0.80606,0.81958,0.8217,0.79651,344.78M,-1.66%
19-03-2022,0.8197,0.79652,0.82648,0.79181,467.54M,2.90%
18-03-2022,0.79661,0.7937,0.80049,0.77704,362.68M,0.42%
17-03-2022,0.79331,0.79204,0.80125,0.7833,436.90M,0.18%
16-03-2022,0.7919,0.76586,0.79427,0.75816,560.47M,3.40%
15-03-2022,0.76587,0.77453,0.77608,0.74218,407.33M,-1.12%
14-03-2022,0.77455,0.75944,0.77961,0.74565,514.38M,1.99%
13-03-2022,0.75943,0.78591,0.80471,0.7532,496.63M,-3.36%
12-03-2022,0.78585,0.80295,0.84877,0.77881,976.91M,-2.15%
11-03-2022,0.80312,0.73615,0.8128,0.72536,843.02M,9.11%
10-03-2022,0.7361,0.76575,0.77842,0.72407,648.28M,-3.87%
09-03-2022,0.76571,0.7208,0.77274,0.72021,628.03M,6.23%
08-03-2022,0.7208,0.72011,0.73037,0.71395,480.81M,0.09%
07-03-2022,0.72012,0.72476,0.75354,0.7041,793.88M,-0.64%
06-03-2022,0.72473,0.75387,0.75845,0.72226,496.78M,-3.87%
05-03-2022,0.75391,0.71276,0.76841,0.70512,573.88M,5.77%
04-03-2022,0.71277,0.75158,0.75362,0.69756,618.13M,-5.19%
03-03-2022,0.7518,0.76873,0.78857,0.73518,631.18M,-2.22%
02-03-2022,0.76885,0.78388,0.78414,0.7566,711.25M,-1.91%
01-03-2022,0.78384,0.78127,0.80324,0.75825,738.57M,0.33%
28-02-2022,0.78127,0.72144,0.79257,0.70893,855.06M,8.29%
27-02-2022,0.72144,0.75044,0.76674,0.7042,865.45M,-3.86%
26-02-2022,0.75044,0.76923,0.79063,0.74079,909.28M,-2.45%
25-02-2022,0.76926,0.69603,0.77591,0.68516,983.37M,10.53%
24-02-2022,0.696,0.69624,0.71839,0.62253,1.84B,0.00%
23-02-2022,0.69602,0.72101,0.74369,0.69285,868.99M,-3.49%
22-02-2022,0.72119,0.70187,0.72636,0.67499,1.18B,2.79%
21-02-2022,0.70162,0.77583,0.80041,0.69665,1.16B,-9.54%
20-02-2022,0.77562,0.82174,0.82272,0.7663,968.87M,-5.60%
19-02-2022,0.8216,0.78467,0.85354,0.77057,940.73M,4.71%
18-02-2022,0.78468,0.76736,0.80446,0.75677,815.44M,2.34%
17-02-2022,0.76677,0.83689,0.84449,0.75487,748.40M,-8.26%
16-02-2022,0.83582,0.85099,0.8525,0.80911,520.13M,-1.76%
15-02-2022,0.85083,0.8008,0.85886,0.79627,555.15M,6.25%
14-02-2022,0.80077,0.80562,0.81193,0.78027,622.89M,-0.58%
13-02-2022,0.80545,0.82203,0.84651,0.79278,699.44M,-1.98%
12-02-2022,0.82171,0.75907,0.85036,0.74725,934.29M,8.27%
11-02-2022,0.75896,0.82537,0.83309,0.7502,923.55M,-8.06%
10-02-2022,0.82551,0.86957,0.89553,0.82379,961.48M,-5.09%
09-02-2022,0.8698,0.87623,0.91255,0.8443,1.17B,-0.73%
08-02-2022,0.87618,0.83146,0.91257,0.8037,1.92B,5.42%
07-02-2022,0.83116,0.68268,0.83817,0.67173,1.20B,21.74%
06-02-2022,0.68271,0.66618,0.68661,0.6605,311.39M,2.48%
05-02-2022,0.66617,0.65556,0.68613,0.65019,581.98M,1.61%
04-02-2022,0.65563,0.60956,0.65823,0.60446,523.14M,7.55%
03-02-2022,0.60961,0.60089,0.60961,0.58941,349.86M,1.46%
02-02-2022,0.60082,0.62824,0.63115,0.596,379.99M,-4.36%
01-02-2022,0.62823,0.61758,0.63066,0.61117,357.98M,1.75%
31-01-2022,0.61746,0.60147,0.62394,0.581,441.21M,2.66%
30-01-2022,0.60148,0.61748,0.62292,0.59753,297.09M,-2.58%
29-01-2022,0.6174,0.61127,0.62467,0.60914,301.82M,1.00%
28-01-2022,0.61128,0.60895,0.61358,0.59197,459.46M,0.48%
27-01-2022,0.60837,0.61899,0.62405,0.58965,582.23M,-1.71%
26-01-2022,0.61896,0.6178,0.65753,0.60523,895.25M,0.22%
25-01-2022,0.6176,0.61203,0.6227,0.58659,639.44M,0.90%
24-01-2022,0.61208,0.62868,0.62868,0.55498,1.03B,-2.65%
23-01-2022,0.62873,0.59679,0.63494,0.5903,658.65M,5.36%
22-01-2022,0.59674,0.6372,0.65281,0.552,1.45B,-6.37%
21-01-2022,0.63732,0.72025,0.72835,0.61332,1.14B,-11.54%
20-01-2022,0.72044,0.73819,0.76195,0.71648,398.80M,-2.38%
19-01-2022,0.73799,0.7509,0.75318,0.72406,394.07M,-1.78%
18-01-2022,0.75136,0.76171,0.76844,0.73567,381.76M,-1.33%
17-01-2022,0.76147,0.77844,0.78022,0.75064,353.39M,-2.18%
16-01-2022,0.77843,0.77921,0.78416,0.7685,241.76M,-0.12%
15-01-2022,0.77934,0.77313,0.78921,0.76841,265.12M,0.79%
14-01-2022,0.77323,0.76752,0.79013,0.75279,410.72M,0.78%
13-01-2022,0.76724,0.79807,0.8021,0.76089,422.74M,-3.84%
12-01-2022,0.79788,0.76992,0.80681,0.75762,543.02M,3.64%
11-01-2022,0.76986,0.74011,0.77445,0.73084,495.85M,4.02%
10-01-2022,0.74013,0.75294,0.75892,0.70058,566.01M,-1.69%
09-01-2022,0.75283,0.74478,0.7665,0.73842,307.32M,1.09%
08-01-2022,0.74471,0.76271,0.77617,0.72319,471.11M,-2.35%
07-01-2022,0.7626,0.77904,0.78057,0.72996,688.04M,-2.18%
06-01-2022,0.7796,0.77137,0.79055,0.74005,584.96M,1.08%
05-01-2022,0.77125,0.82271,0.83655,0.71549,631.16M,-6.27%
04-01-2022,0.82285,0.83183,0.84489,0.81716,395.68M,-1.07%
03-01-2022,0.83173,0.85867,0.85867,0.82199,363.28M,-3.14%
02-01-2022,0.85871,0.85003,0.8638,0.83745,254.07M,1.02%
01-01-2022,0.85001,0.83007,0.85483,0.82553,266.53M,2.42%
31-12-2021,0.82995,0.83871,0.8535,0.80292,457.62M,-1.04%
30-12-2021,0.83868,0.81681,0.85856,0.8042,502.92M,2.72%
29-12-2021,0.8165,0.85164,0.86439,0.8118,574.42M,-4.07%
28-12-2021,0.85112,0.92664,0.92677,0.84575,604.16M,-8.11%
27-12-2021,0.92622,0.91969,0.95497,0.91523,442.48M,0.70%
26-12-2021,0.91982,0.92522,0.93305,0.90568,313.23M,-0.59%
25-12-2021,0.92525,0.91059,0.93343,0.89917,464.59M,1.61%
24-12-2021,0.91061,0.99394,0.99588,0.89383,998.32M,-8.39%
23-12-2021,0.99398,0.95368,1.01612,0.9387,967.00M,4.21%
22-12-2021,0.9538,0.94683,0.97227,0.92432,772.54M,0.73%
21-12-2021,0.94692,0.87956,0.9604,0.85315,888.15M,7.78%
20-12-2021,0.87856,0.83512,0.91359,0.825,1.05B,5.21%
19-12-2021,0.83508,0.82643,0.84793,0.81969,326.03M,1.05%
18-12-2021,0.82643,0.79749,0.83415,0.79116,333.85M,3.63%
17-12-2021,0.79749,0.80538,0.83061,0.77668,508.54M,-0.96%
16-12-2021,0.80519,0.82623,0.83616,0.80352,410.59M,-2.56%
15-12-2021,0.82632,0.81025,0.83954,0.7778,748.92M,1.92%
14-12-2021,0.81079,0.78181,0.82051,0.77359,753.47M,3.71%
13-12-2021,0.7818,0.83971,0.84387,0.76124,701.25M,-6.92%
12-12-2021,0.8399,0.83767,0.85633,0.80961,441.73M,0.32%
11-12-2021,0.83722,0.79999,0.84336,0.78641,561.08M,4.76%
10-12-2021,0.79916,0.85795,0.88198,0.79526,957.23M,-6.87%
09-12-2021,0.85809,0.86167,0.933,0.83285,1.26B,-0.39%
08-12-2021,0.86148,0.81535,0.88302,0.80486,811.57M,5.65%
07-12-2021,0.81538,0.82645,0.84411,0.80487,635.49M,-1.37%
06-12-2021,0.82668,0.80417,0.82979,0.75038,974.49M,2.81%
05-12-2021,0.80406,0.8453,0.85931,0.77893,963.26M,-5.07%
04-12-2021,0.84697,0.92132,0.92437,0.62065,2.19B,-8.07%
03-12-2021,0.92135,0.97187,0.98335,0.89673,582.44M,-5.23%
02-12-2021,0.97217,0.98955,0.98995,0.95647,429.13M,-1.76%
01-12-2021,0.98958,0.99842,1.01722,0.98043,478.61M,-0.81%
30-11-2021,0.99761,0.98945,1.02975,0.97116,653.91M,0.82%
29-11-2021,0.9895,0.96887,1.00149,0.96318,598.77M,2.11%
28-11-2021,0.96903,0.94528,0.96903,0.8902,643.46M,2.49%
27-11-2021,0.94547,0.93854,0.96495,0.93403,443.48M,0.74%
26-11-2021,0.93854,1.04277,1.04635,0.92297,1.15B,-9.99%
25-11-2021,1.04267,1.03266,1.0637,1.02212,604.41M,0.93%
24-11-2021,1.0331,1.07209,1.07289,1.00944,656.76M,-3.64%
23-11-2021,1.07209,1.03539,1.08177,1.02151,664.53M,3.54%
22-11-2021,1.03548,1.05808,1.06802,1.02616,647.38M,-2.13%
21-11-2021,1.05799,1.09615,1.09715,1.05532,468.55M,-3.48%
20-11-2021,1.09614,1.08957,1.10099,1.06209,493.24M,0.60%
19-11-2021,1.08963,1.04144,1.09849,1.01839,711.47M,4.64%
18-11-2021,1.04133,1.09558,1.15799,1.01932,1.34B,-4.96%
17-11-2021,1.0957,1.08842,1.11245,1.05976,777.75M,0.66%
16-11-2021,1.08851,1.17207,1.17222,1.04887,1.14B,-7.14%
15-11-2021,1.17221,1.18798,1.21934,1.16787,537.98M,-1.32%
14-11-2021,1.18792,1.18937,1.1992,1.16771,389.09M,-0.12%
13-11-2021,1.18937,1.18828,1.20359,1.16787,467.52M,0.08%
12-11-2021,1.18836,1.21489,1.23284,1.15537,617.77M,-2.19%
11-11-2021,1.21499,1.19227,1.25419,1.17713,647.85M,1.91%
10-11-2021,1.19223,1.25619,1.34634,1.13594,1.26B,-5.08%
09-11-2021,1.25608,1.28185,1.28767,1.23,622.97M,-2.01%
08-11-2021,1.28185,1.21795,1.29468,1.21795,788.09M,5.25%
07-11-2021,1.2179,1.15138,1.23613,1.14525,471.70M,5.79%
06-11-2021,1.1512,1.15824,1.17332,1.10715,356.14M,-0.61%
05-11-2021,1.15831,1.20139,1.20139,1.13652,464.16M,-3.59%
04-11-2021,1.20147,1.2101,1.25508,1.16534,738.50M,-0.71%
03-11-2021,1.2101,1.13516,1.2339,1.12586,1.12B,6.61%
02-11-2021,1.13513,1.09204,1.14612,1.08558,518.14M,3.94%
01-11-2021,1.09205,1.11265,1.131,1.07103,501.80M,-1.84%
31-10-2021,1.11257,1.08409,1.15205,1.07002,823.88M,2.63%
30-10-2021,1.08406,1.08107,1.11542,1.06318,479.64M,0.29%
29-10-2021,1.08098,1.05806,1.09004,1.05521,484.84M,2.18%
28-10-2021,1.05793,0.99358,1.08086,0.9822,906.77M,6.49%
27-10-2021,0.99349,1.10671,1.12462,0.95469,1.35B,-10.23%
26-10-2021,1.10674,1.09527,1.15926,1.09314,589.66M,1.05%
25-10-2021,1.09527,1.08231,1.10274,1.07836,302.26M,1.19%
24-10-2021,1.08235,1.09354,1.09548,1.05684,315.37M,-1.02%
23-10-2021,1.09354,1.08903,1.10149,1.07665,263.60M,0.40%
22-10-2021,1.08919,1.08836,1.12831,1.07813,475.46M,0.08%
21-10-2021,1.08836,1.1438,1.16343,1.08712,619.77M,-4.83%
20-10-2021,1.14366,1.09105,1.15254,1.08703,488.43M,4.81%
19-10-2021,1.09113,1.0831,1.09965,1.06956,349.32M,0.74%
18-10-2021,1.08314,1.09294,1.10583,1.06503,465.84M,-0.90%
17-10-2021,1.09294,1.134,1.14054,1.02483,536.15M,-3.62%
16-10-2021,1.134,1.14136,1.18519,1.13049,473.80M,-0.63%
15-10-2021,1.14125,1.13324,1.16356,1.09733,883.12M,0.71%
14-10-2021,1.13316,1.12775,1.15643,1.11852,481.87M,0.47%
13-10-2021,1.12786,1.10073,1.13807,1.0756,550.37M,2.47%
12-10-2021,1.10069,1.13769,1.13769,1.06589,626.45M,-3.25%
11-10-2021,1.13769,1.13554,1.18138,1.10758,580.27M,0.17%
10-10-2021,1.13577,1.16036,1.22162,1.12951,856.25M,-2.04%
09-10-2021,1.15945,1.0624,1.20814,1.05756,876.03M,9.19%
08-10-2021,1.0619,1.06764,1.09167,1.05582,462.56M,-0.43%
07-10-2021,1.06651,1.07623,1.09379,1.04492,567.98M,-0.90%
06-10-2021,1.07619,1.08399,1.10702,1.0195,702.12M,-0.80%
05-10-2021,1.08482,1.04172,1.08748,1.03819,580.60M,4.15%
04-10-2021,1.04159,1.05505,1.05956,1.0067,566.15M,-1.27%
03-10-2021,1.05503,1.0362,1.08804,1.0211,554.18M,1.82%
02-10-2021,1.0362,1.04213,1.06994,1.00872,548.19M,-0.48%
01-10-2021,1.04119,0.95324,1.06459,0.94442,878.85M,9.22%
30-09-2021,0.95329,0.92671,0.96368,0.92219,449.64M,2.86%
29-09-2021,0.92679,0.8931,0.99071,0.88656,639.76M,3.77%
28-09-2021,0.89311,0.92192,0.94198,0.8912,450.34M,-3.12%
27-09-2021,0.92189,0.94408,0.98126,0.92062,505.21M,-2.40%
26-09-2021,0.94451,0.94014,0.95629,0.89226,574.12M,0.47%
25-09-2021,0.94014,0.94405,0.95569,0.91684,496.37M,-0.48%
24-09-2021,0.94465,1.00141,1.00242,0.88723,885.52M,-5.67%
23-09-2021,1.00139,1.00368,1.01551,0.9686,574.02M,-0.23%
22-09-2021,1.00373,0.87353,1.00825,0.86813,881.87M,14.94%
21-09-2021,0.87323,0.92114,0.95866,0.859,931.83M,-5.19%
20-09-2021,0.92107,1.04818,1.04944,0.87844,1.28B,-12.11%
19-09-2021,1.04801,1.07556,1.08348,1.04033,296.88M,-2.56%
18-09-2021,1.07557,1.06601,1.09406,1.05683,274.75M,0.90%
17-09-2021,1.06601,1.09031,1.10216,1.05127,440.08M,-2.23%
16-09-2021,1.0903,1.12067,1.12973,1.06744,440.80M,-2.71%
15-09-2021,1.12069,1.09612,1.1297,1.07959,416.59M,2.32%
14-09-2021,1.09533,1.06421,1.09762,1.05817,410.51M,2.92%
13-09-2021,1.06421,1.11875,1.12603,1.02673,778.18M,-4.91%
12-09-2021,1.11918,1.07884,1.1266,1.05809,453.83M,3.74%
11-09-2021,1.07882,1.05527,1.11077,1.05134,480.04M,2.28%
10-09-2021,1.05482,1.08676,1.24271,1.03337,1.38B,-2.94%
09-09-2021,1.08673,1.09918,1.13727,1.07475,866.17M,-1.12%
08-09-2021,1.09903,1.1254,1.14727,1.01729,1.20B,-2.16%
07-09-2021,1.12334,1.38978,1.39191,0.9617,2.09B,-19.18%
06-09-2021,1.38984,1.30608,1.41516,1.30608,1.02B,6.42%
05-09-2021,1.30601,1.25486,1.31186,1.23675,482.35M,4.08%
04-09-2021,1.25482,1.29048,1.29667,1.23847,500.27M,-2.71%
03-09-2021,1.28982,1.25308,1.32231,1.22389,804.38M,2.85%
02-09-2021,1.2541,1.23636,1.29503,1.22205,733.10M,1.43%
01-09-2021,1.23637,1.18597,1.23788,1.15955,683.84M,4.23%
31-08-2021,1.18615,1.10039,1.24086,1.09152,997.29M,7.77%
30-08-2021,1.10065,1.14022,1.14841,1.09612,523.12M,-3.46%
29-08-2021,1.14009,1.14489,1.16811,1.11473,470.05M,-0.42%
28-08-2021,1.14492,1.19129,1.19791,1.13416,456.69M,-3.89%
27-08-2021,1.19123,1.07137,1.19123,1.05214,823.90M,11.18%
26-08-2021,1.07148,1.17415,1.18648,1.06446,864.26M,-8.76%
25-08-2021,1.17436,1.13631,1.1772,1.10894,766.53M,3.35%
24-08-2021,1.13632,1.2463,1.26486,1.12518,906.30M,-8.81%
23-08-2021,1.24617,1.22577,1.30288,1.2115,927.81M,1.67%
22-08-2021,1.22574,1.21654,1.2554,1.18284,530.74M,0.75%
21-08-2021,1.21663,1.26316,1.28262,1.20444,588.18M,-3.69%
20-08-2021,1.26318,1.23482,1.28762,1.19994,871.18M,2.29%
19-08-2021,1.23489,1.14435,1.23489,1.09047,1.03B,7.90%
18-08-2021,1.14452,1.09869,1.19405,1.0522,1.26B,4.17%
17-08-2021,1.09875,1.18577,1.22258,1.08688,1.27B,-7.34%
16-08-2021,1.18577,1.28414,1.32792,1.15028,1.28B,-7.68%
15-08-2021,1.28447,1.28017,1.34807,1.22585,1.62B,0.34%
14-08-2021,1.28015,1.09002,1.30885,1.07095,2.04B,17.45%
13-08-2021,1.08995,0.96602,1.09604,0.95173,1.03B,12.98%
12-08-2021,0.9647,1.01229,1.04384,0.92468,1.44B,-4.71%
11-08-2021,1.01233,0.85131,1.088,0.84927,1.63B,18.91%
10-08-2021,0.85131,0.81707,0.86177,0.80027,714.81M,4.17%
09-08-2021,0.81724,0.77911,0.82748,0.76058,698.49M,4.89%
08-08-2021,0.77911,0.81666,0.84032,0.77291,771.73M,-4.60%
07-08-2021,0.81666,0.74711,0.81814,0.74124,840.12M,9.33%
06-08-2021,0.74695,0.73306,0.75272,0.72261,432.77M,1.89%
05-08-2021,0.73307,0.73073,0.73864,0.70237,443.99M,0.33%
04-08-2021,0.73064,0.71325,0.73973,0.6973,458.20M,2.44%
03-08-2021,0.71325,0.7385,0.74441,0.7014,569.49M,-3.43%
02-08-2021,0.73859,0.72413,0.77281,0.71673,570.73M,1.91%
01-08-2021,0.72477,0.74443,0.77765,0.71333,638.45M,-2.63%
31-07-2021,0.74434,0.75206,0.75794,0.73811,499.42M,-0.97%
30-07-2021,0.75161,0.74829,0.76911,0.71526,848.52M,0.46%
29-07-2021,0.7482,0.73316,0.76498,0.69777,716.25M,2.27%
28-07-2021,0.73159,0.64548,0.75232,0.63123,1.65B,13.34%
27-07-2021,0.64548,0.62379,0.65232,0.61272,587.13M,3.46%
26-07-2021,0.62389,0.60685,0.67746,0.60502,1.09B,2.81%
25-07-2021,0.60685,0.60496,0.60709,0.59105,339.10M,0.03%
24-07-2021,0.60665,0.60909,0.61383,0.60219,463.40M,-0.39%
23-07-2021,0.60902,0.59191,0.60974,0.57613,489.18M,2.89%
22-07-2021,0.59192,0.5714,0.60286,0.56107,588.63M,3.59%
21-07-2021,0.57139,0.52863,0.58313,0.51981,673.86M,8.09%
20-07-2021,0.52864,0.55711,0.5692,0.51755,574.85M,-5.11%
19-07-2021,0.55711,0.58674,0.58871,0.55441,443.79M,-5.06%
18-07-2021,0.58677,0.58167,0.60112,0.5728,326.27M,0.88%
17-07-2021,0.58164,0.58928,0.59714,0.56785,388.91M,-1.30%
16-07-2021,0.5893,0.59773,0.61707,0.58802,407.51M,-1.36%
15-07-2021,0.59744,0.61985,0.62613,0.58871,465.25M,-3.62%
14-07-2021,0.61985,0.61918,0.62455,0.5869,488.04M,0.07%
13-07-2021,0.6194,0.62899,0.63948,0.6102,438.17M,-1.52%
12-07-2021,0.62899,0.63617,0.65701,0.61897,484.43M,-1.12%
11-07-2021,0.6361,0.6247,0.64359,0.61714,277.98M,1.76%
10-07-2021,0.62511,0.6371,0.64841,0.61332,388.83M,-1.88%
09-07-2021,0.63706,0.62307,0.64523,0.5934,519.78M,2.24%
08-07-2021,0.6231,0.6521,0.65382,0.61152,616.30M,-4.44%
07-07-2021,0.65207,0.66481,0.67327,0.65032,394.69M,-1.92%
06-07-2021,0.66482,0.65292,0.67941,0.65185,486.93M,1.81%
05-07-2021,0.65297,0.69595,0.69614,0.64605,600.33M,-6.17%
04-07-2021,0.69589,0.67644,0.70881,0.67644,446.37M,2.88%
03-07-2021,0.67644,0.65631,0.68013,0.64387,436.32M,3.07%
02-07-2021,0.65631,0.65989,0.6671,0.63368,521.33M,-0.55%
01-07-2021,0.65997,0.70533,0.70542,0.64673,679.69M,-6.44%
30-06-2021,0.70537,0.70599,0.714,0.64915,894.67M,0.02%
29-06-2021,0.70523,0.64393,0.72851,0.64228,1.01B,9.52%
28-06-2021,0.64393,0.64747,0.6555,0.62436,636.01M,-0.55%
27-06-2021,0.64747,0.61669,0.65127,0.59735,647.73M,5.00%
26-06-2021,0.61663,0.61169,0.63173,0.58214,752.44M,0.79%
25-06-2021,0.6118,0.67239,0.6881,0.60365,1.13B,-8.99%
24-06-2021,0.67224,0.63827,0.69153,0.61716,928.59M,5.39%
23-06-2021,0.63785,0.54681,0.66335,0.52269,1.70B,17.05%
22-06-2021,0.54493,0.60653,0.64888,0.51017,2.31B,-10.27%
21-06-2021,0.60732,0.77421,0.77885,0.60524,1.59B,-21.56%
20-06-2021,0.77421,0.75965,0.78412,0.69806,866.85M,1.90%
19-06-2021,0.75977,0.79691,0.80499,0.75589,459.27M,-4.53%
18-06-2021,0.79581,0.84118,0.84449,0.77191,617.48M,-5.39%
17-06-2021,0.84118,0.8318,0.86084,0.82488,475.79M,1.11%
16-06-2021,0.83195,0.86663,0.87309,0.82643,603.79M,-4.00%
15-06-2021,0.86663,0.89031,0.90115,0.85949,537.37M,-2.66%
14-06-2021,0.89031,0.88326,0.92692,0.86323,659.19M,0.80%
13-06-2021,0.88326,0.83164,0.88784,0.8185,503.67M,6.26%
12-06-2021,0.83121,0.84748,0.84757,0.80638,558.73M,-1.92%
11-06-2021,0.84748,0.86852,0.87919,0.83437,568.45M,-2.41%
10-06-2021,0.86841,0.91975,0.92699,0.85342,838.31M,-5.58%
09-06-2021,0.9197,0.87383,0.9197,0.83149,1.13B,5.24%
08-06-2021,0.87393,0.86345,0.88383,0.78577,1.37B,1.21%
07-06-2021,0.86345,0.94516,0.97376,0.84842,993.30M,-8.62%
06-06-2021,0.94493,0.92274,0.94784,0.91773,559.24M,2.41%
05-06-2021,0.92274,0.96885,0.9972,0.89686,898.30M,-4.80%
04-06-2021,0.96927,1.04426,1.04594,0.91895,1.27B,-7.18%
03-06-2021,1.04426,1.02441,1.0773,1.00778,974.27M,1.94%
02-06-2021,1.02441,1.01061,1.04772,0.98136,950.13M,1.36%
01-06-2021,1.01063,1.04122,1.0973,0.97712,1.61B,-3.10%
31-05-2021,1.04293,0.90591,1.04892,0.88318,1.78B,15.10%
30-05-2021,0.90612,0.83044,0.92998,0.79877,1.21B,9.12%
29-05-2021,0.83041,0.89913,0.93847,0.79482,1.47B,-7.65%
28-05-2021,0.89918,0.97062,0.98301,0.84733,1.74B,-7.35%
27-05-2021,0.9705,1.03167,1.0403,0.93389,1.41B,-5.93%
26-05-2021,1.03167,0.97436,1.06643,0.9489,1.68B,5.88%
25-05-2021,0.97434,0.99151,1.0527,0.88075,2.42B,-1.72%
24-05-2021,0.99142,0.79146,0.99562,0.75667,2.34B,25.25%
23-05-2021,0.79153,0.90502,0.96587,0.6507,3.15B,-12.54%
22-05-2021,0.90502,1.00572,1.01342,0.82006,2.28B,-10.04%
21-05-2021,1.006,1.17959,1.21581,0.8673,2.73B,-14.71%
20-05-2021,1.17955,1.06159,1.26452,0.91194,3.04B,11.10%
19-05-2021,1.0617,1.59055,1.64286,0.87542,5.03B,-33.25%
18-05-2021,1.59055,1.4959,1.69982,1.47421,2.67B,6.33%
17-05-2021,1.4959,1.44832,1.56263,1.32635,2.40B,3.19%
16-05-2021,1.44967,1.48591,1.60866,1.34889,2.21B,-2.44%
15-05-2021,1.48591,1.4023,1.57989,1.32462,2.30B,5.88%
14-05-2021,1.40342,1.36156,1.4433,1.32248,1.19B,3.09%
13-05-2021,1.3614,1.26899,1.38878,1.20537,2.14B,7.34%
12-05-2021,1.26829,1.4781,1.54351,1.24312,1.65B,-14.19%
11-05-2021,1.47796,1.39107,1.48676,1.3587,1.18B,6.25%
10-05-2021,1.39101,1.53451,1.62613,1.23689,1.90B,-9.35%
09-05-2021,1.53447,1.56235,1.59317,1.44818,1.16B,-1.79%
08-05-2021,1.56237,1.58091,1.62614,1.54152,796.72M,-1.18%
07-05-2021,1.58103,1.60296,1.68963,1.51153,1.44B,-1.37%
06-05-2021,1.60294,1.61386,1.76001,1.54527,2.37B,-0.68%
05-05-2021,1.61396,1.39752,1.62073,1.39752,2.01B,15.56%
04-05-2021,1.39664,1.55463,1.55703,1.35493,2.18B,-10.17%
03-05-2021,1.55474,1.56112,1.61913,1.52413,1.05B,-0.41%
02-05-2021,1.56112,1.65073,1.65348,1.53209,947.88M,-5.43%
01-05-2021,1.65073,1.59851,1.66456,1.52915,1.11B,3.36%
30-04-2021,1.59707,1.39814,1.63523,1.37604,2.26B,14.23%
29-04-2021,1.39814,1.3579,1.41707,1.32815,1.37B,2.96%
28-04-2021,1.35801,1.4018,1.44663,1.28765,1.77B,-3.12%
27-04-2021,1.40174,1.36672,1.45828,1.3324,2.40B,2.54%
26-04-2021,1.36699,1.03384,1.36882,1.01794,2.94B,32.23%
25-04-2021,1.03384,1.05015,1.15362,0.95088,1.74B,-1.55%
24-04-2021,1.05015,1.17025,1.17095,1.02325,1.69B,-10.26%
23-04-2021,1.17023,1.15859,1.19593,0.89374,4.24B,0.98%
22-04-2021,1.15886,1.29067,1.41758,1.10427,2.74B,-10.20%
21-04-2021,1.29046,1.38614,1.46239,1.28289,2.00B,-6.90%
20-04-2021,1.38614,1.30944,1.44517,1.18308,2.45B,5.88%
19-04-2021,1.30918,1.40811,1.53084,1.25649,2.64B,-7.02%
18-04-2021,1.40794,1.53957,1.56266,1.16193,3.48B,-8.61%
17-04-2021,1.54064,1.54768,1.73876,1.53308,1.74B,-0.44%
16-04-2021,1.54747,1.7584,1.80402,1.44072,2.86B,-11.97%
15-04-2021,1.7578,1.83563,1.88408,1.65854,1.84B,-4.27%
14-04-2021,1.83625,1.79613,1.96332,1.57032,3.58B,2.23%
13-04-2021,1.79627,1.46844,1.88626,1.42122,4.05B,22.38%
12-04-2021,1.46773,1.35479,1.4719,1.3197,1.78B,8.32%
11-04-2021,1.35498,1.37428,1.49007,1.3084,3.15B,-1.41%
10-04-2021,1.37431,1.01909,1.3953,1.00711,4.31B,34.85%
09-04-2021,1.01916,1.05784,1.08335,0.9849,1.61B,-3.66%
08-04-2021,1.05784,0.91658,1.07201,0.90415,2.03B,15.41%
07-04-2021,0.91658,1.09138,1.10128,0.85966,3.88B,-15.95%
06-04-2021,1.09057,0.91333,1.11471,0.81318,6.43B,19.42%
05-04-2021,0.91324,0.63489,0.93557,0.61963,5.22B,43.84%
04-04-2021,0.63489,0.57886,0.63561,0.56884,1.00B,9.68%
03-04-2021,0.57886,0.60676,0.64142,0.57467,1.59B,-4.60%
02-04-2021,0.60676,0.57056,0.60902,0.56574,1.27B,6.35%
01-04-2021,0.57052,0.56957,0.59179,0.5507,1.13B,0.17%
31-03-2021,0.56957,0.56225,0.57594,0.53095,1.16B,1.30%
30-03-2021,0.56225,0.56537,0.58537,0.55924,899.98M,-0.55%
29-03-2021,0.56537,0.54556,0.57002,0.54371,835.17M,3.61%
28-03-2021,0.54565,0.54789,0.55989,0.54026,531.13M,-0.41%
27-03-2021,0.54789,0.56344,0.57414,0.53451,738.34M,-2.69%
26-03-2021,0.56304,0.51085,0.5752,0.51046,1.30B,10.22%
25-03-2021,0.51085,0.48011,0.5239,0.46029,1.56B,5.96%
24-03-2021,0.48213,0.55045,0.56235,0.45393,1.56B,-12.41%
23-03-2021,0.55045,0.54408,0.59555,0.53828,1.77B,1.16%
22-03-2021,0.54414,0.51653,0.59954,0.5024,2.71B,5.31%
21-03-2021,0.5167,0.5246,0.54625,0.49578,1.39B,-1.48%
20-03-2021,0.52446,0.46655,0.54965,0.46472,1.85B,12.38%
19-03-2021,0.46669,0.46885,0.47489,0.45977,529.83M,-0.46%
18-03-2021,0.46885,0.46999,0.4903,0.46582,837.87M,-0.24%
17-03-2021,0.47,0.46037,0.48159,0.45443,913.27M,2.09%
16-03-2021,0.46037,0.43568,0.51976,0.42752,2.30B,5.67%
15-03-2021,0.43568,0.43909,0.4481,0.42346,805.42M,-0.83%
14-03-2021,0.4393,0.45768,0.4615,0.4393,609.22M,-4.02%
13-03-2021,0.4577,0.43938,0.46506,0.43274,815.65M,4.16%
12-03-2021,0.43941,0.45189,0.46385,0.42505,969.06M,-2.69%
11-03-2021,0.45155,0.46158,0.4641,0.44103,752.19M,-2.17%
10-03-2021,0.46158,0.48499,0.48804,0.456,867.45M,-4.83%
09-03-2021,0.48499,0.47403,0.48656,0.47178,685.95M,2.41%
08-03-2021,0.47358,0.46532,0.48757,0.45533,1.00B,1.77%
07-03-2021,0.46532,0.46296,0.46863,0.45734,505.07M,0.51%
06-03-2021,0.46296,0.45498,0.47019,0.44991,575.65M,1.75%
05-03-2021,0.45501,0.48091,0.48278,0.44664,1.17B,-5.38%
04-03-2021,0.48088,0.44844,0.4938,0.43623,1.83B,7.23%
03-03-2021,0.44844,0.43582,0.46723,0.4314,917.03M,2.90%
02-03-2021,0.43582,0.44546,0.45414,0.42297,920.49M,-2.18%
01-03-2021,0.44551,0.41566,0.45262,0.41226,927.26M,7.28%
28-02-2021,0.41528,0.43578,0.43789,0.3934,1.05B,-4.69%
27-02-2021,0.43574,0.42784,0.45794,0.42778,896.32M,1.85%
26-02-2021,0.42783,0.43592,0.45033,0.413,1.42B,-1.79%
25-02-2021,0.43561,0.46849,0.48146,0.42599,1.08B,-7.17%
24-02-2021,0.46923,0.47613,0.49934,0.45168,1.56B,-1.19%
23-02-2021,0.4749,0.56581,0.5706,0.3672,4.22B,-16.07%
22-02-2021,0.56581,0.54393,0.64615,0.51627,5.43B,4.02%
21-02-2021,0.54393,0.512,0.55726,0.50521,1.48B,6.24%
20-02-2021,0.512,0.56483,0.58113,0.4752,1.90B,-9.10%
19-02-2021,0.56325,0.53193,0.57905,0.51489,1.60B,6.15%
18-02-2021,0.53061,0.53435,0.55951,0.52141,1.12B,-0.63%
17-02-2021,0.53396,0.51987,0.55588,0.49378,1.41B,2.77%
16-02-2021,0.51956,0.54939,0.57897,0.48621,1.78B,-5.43%
15-02-2021,0.54939,0.59245,0.60394,0.51117,2.03B,-7.28%
14-02-2021,0.59252,0.63352,0.63792,0.5652,1.59B,-6.40%
13-02-2021,0.63303,0.60892,0.64209,0.54769,2.48B,3.96%
12-02-2021,0.60892,0.52817,0.61897,0.51961,2.58B,15.29%
11-02-2021,0.52817,0.50472,0.53505,0.5015,1.53B,4.65%
10-02-2021,0.50472,0.47644,0.53982,0.45342,3.36B,5.94%
09-02-2021,0.47643,0.45084,0.48937,0.44989,1.99B,5.68%
08-02-2021,0.45084,0.41842,0.46672,0.4128,1.82B,7.75%
07-02-2021,0.41842,0.44275,0.45029,0.39789,1.75B,-5.49%
06-02-2021,0.44274,0.45182,0.45593,0.42685,1.31B,-2.01%
05-02-2021,0.45182,0.44454,0.47078,0.42631,2.41B,1.70%
04-02-2021,0.44427,0.39726,0.47971,0.38069,3.59B,11.83%
03-02-2021,0.39726,0.3723,0.41699,0.3723,2.25B,6.70%
02-02-2021,0.3723,0.37163,0.41071,0.34132,3.53B,0.18%
01-02-2021,0.37163,0.49493,0.75358,0.36151,13.39B,-24.91%
31-01-2021,0.49493,0.44329,0.50775,0.39005,6.96B,11.71%
30-01-2021,0.44304,0.28278,0.50882,0.27879,9.31B,56.67%
29-01-2021,0.28278,0.26414,0.31664,0.26038,3.05B,7.05%
28-01-2021,0.26415,0.25073,0.26998,0.24728,765.96M,5.35%
27-01-2021,0.25073,0.26841,0.26861,0.24441,773.60M,-6.59%
26-01-2021,0.26841,0.26758,0.27082,0.25809,636.91M,0.31%
25-01-2021,0.26758,0.2732,0.2839,0.26709,837.93M,-2.06%
24-01-2021,0.2732,0.27163,0.27781,0.26863,645.08M,0.57%
23-01-2021,0.27166,0.27246,0.28303,0.26572,798.56M,-0.35%
22-01-2021,0.27261,0.2681,0.27818,0.24165,1.49B,1.68%
21-01-2021,0.2681,0.29531,0.3072,0.26051,1.63B,-9.21%
20-01-2021,0.29531,0.29453,0.31044,0.28041,1.50B,0.26%
19-01-2021,0.29455,0.28539,0.32793,0.28409,2.07B,3.21%
18-01-2021,0.28539,0.27742,0.28863,0.27171,904.13M,2.87%
17-01-2021,0.27742,0.27923,0.28538,0.26876,900.72M,-0.75%
16-01-2021,0.27951,0.28022,0.29628,0.27543,1.18B,-0.31%
15-01-2021,0.28037,0.2966,0.30301,0.26257,1.40B,-5.47%
14-01-2021,0.2966,0.30572,0.30864,0.28358,1.48B,-2.99%
13-01-2021,0.30575,0.29256,0.30989,0.28544,1.25B,4.54%
12-01-2021,0.29246,0.2875,0.30897,0.27787,2.38B,1.71%
11-01-2021,0.28754,0.31501,0.31567,0.25579,3.79B,-8.78%
10-01-2021,0.31521,0.32433,0.36658,0.28928,3.31B,-2.81%
09-01-2021,0.32432,0.32072,0.33904,0.30626,2.38B,1.10%
08-01-2021,0.3208,0.32355,0.34591,0.28574,3.83B,-0.83%
07-01-2021,0.32348,0.24868,0.36878,0.2457,7.31B,30.06%
06-01-2021,0.24871,0.22547,0.27192,0.22162,3.53B,10.32%
05-01-2021,0.22544,0.2357,0.24183,0.21821,2.46B,-4.37%
04-01-2021,0.23575,0.22495,0.25988,0.21767,3.14B,4.87%
03-01-2021,0.22479,0.22087,0.23783,0.21542,2.49B,1.73%
02-01-2021,0.22097,0.23727,0.23806,0.2114,2.48B,-6.84%
01-01-2021,0.2372,0.21928,0.24997,0.21643,2.98B,8.18%
31-12-2020,0.21925,0.2113,0.2285,0.20543,2.81B,3.76%
30-12-2020,0.21131,0.22152,0.23525,0.19217,4.72B,-4.61%
29-12-2020,0.22151,0.24923,0.24996,0.17428,7.62B,-11.14%
28-12-2020,0.24929,0.28394,0.3082,0.23734,2.76B,-12.19%
27-12-2020,0.28388,0.29463,0.30993,0.26792,2.81B,-3.64%
26-12-2020,0.29461,0.31803,0.32559,0.28462,3.00B,-7.42%
25-12-2020,0.3182,0.33781,0.38265,0.28206,6.00B,-5.81%
24-12-2020,0.33782,0.2604,0.37492,0.24245,6.51B,29.72%
23-12-2020,0.26041,0.44685,0.44785,0.21523,8.38B,-41.78%
22-12-2020,0.44732,0.51439,0.5215,0.40335,2.96B,-13.05%
21-12-2020,0.51448,0.55604,0.56909,0.50019,1.57B,-7.53%
20-12-2020,0.55634,0.57665,0.58642,0.534,1.23B,-3.51%
19-12-2020,0.57659,0.58344,0.60299,0.56653,1.50B,-1.18%
18-12-2020,0.58348,0.57794,0.61238,0.5516,1.96B,0.97%
17-12-2020,0.5779,0.57087,0.65864,0.54263,3.45B,1.17%
16-12-2020,0.5712,0.46777,0.57337,0.43985,2.50B,22.10%
15-12-2020,0.46783,0.49735,0.50706,0.46489,1.26B,-5.96%
14-12-2020,0.49747,0.51392,0.5181,0.48986,869.69M,-3.25%
13-12-2020,0.51416,0.50589,0.52755,0.48652,1.28B,1.63%
12-12-2020,0.50589,0.54666,0.54739,0.48577,2.15B,-7.66%
11-12-2020,0.54787,0.57185,0.58519,0.52768,1.69B,-4.11%
10-12-2020,0.57136,0.58285,0.5879,0.55403,1.15B,-1.97%
09-12-2020,0.58285,0.55916,0.60371,0.50412,1.82B,4.27%
08-12-2020,0.55898,0.60813,0.61018,0.55189,1.18B,-8.08%
07-12-2020,0.60808,0.62158,0.62318,0.59144,898.96M,-2.13%
06-12-2020,0.62135,0.58546,0.62717,0.58032,1.29B,6.16%
05-12-2020,0.58532,0.55359,0.59567,0.54901,987.02M,5.75%
04-12-2020,0.55351,0.63027,0.63388,0.544,1.32B,-12.19%
03-12-2020,0.63032,0.6305,0.64141,0.61515,897.53M,-0.05%
02-12-2020,0.63065,0.61132,0.63644,0.59552,1.20B,3.24%
01-12-2020,0.61084,0.66388,0.67952,0.58734,2.04B,-7.99%
30-11-2020,0.66386,0.60533,0.67687,0.59974,2.27B,9.67%
29-11-2020,0.60534,0.62578,0.63606,0.58501,1.77B,-3.30%
28-11-2020,0.62597,0.56135,0.64838,0.54032,2.50B,11.54%
27-11-2020,0.5612,0.53659,0.58549,0.50451,2.48B,4.72%
26-11-2020,0.53593,0.63206,0.65095,0.4593,4.59B,-15.23%
25-11-2020,0.63224,0.6923,0.72288,0.58702,3.20B,-8.67%
24-11-2020,0.69224,0.61546,0.77883,0.57752,5.30B,12.54%
23-11-2020,0.6151,0.44605,0.6189,0.43287,3.49B,37.90%
22-11-2020,0.44604,0.46288,0.49544,0.41077,3.84B,-3.75%
21-11-2020,0.46343,0.3299,0.46804,0.32951,3.31B,40.45%
20-11-2020,0.32995,0.30358,0.3305,0.29717,1.45B,8.63%
19-11-2020,0.30374,0.29319,0.30705,0.28399,1.18B,3.57%
18-11-2020,0.29326,0.30226,0.30782,0.28225,1.35B,-2.98%
17-11-2020,0.30226,0.28792,0.30487,0.28731,1.47B,5.03%
16-11-2020,0.28778,0.26949,0.28985,0.26748,1.07B,6.82%
15-11-2020,0.26941,0.26813,0.27666,0.26412,885.34M,0.50%
14-11-2020,0.26808,0.26557,0.2771,0.26154,1.05B,0.98%
13-11-2020,0.26548,0.25489,0.2656,0.25374,942.55M,4.16%
12-11-2020,0.25486,0.2558,0.25814,0.25237,738.89M,-0.33%
11-11-2020,0.25569,0.25376,0.2599,0.25228,834.93M,0.77%
10-11-2020,0.25374,0.25054,0.26464,0.24807,1.07B,1.32%
09-11-2020,0.25043,0.25366,0.25613,0.24562,1.00B,-1.33%
08-11-2020,0.2538,0.24898,0.25693,0.24737,843.46M,1.94%
07-11-2020,0.24897,0.25861,0.26725,0.24488,976.55M,-3.68%
06-11-2020,0.25848,0.24567,0.26135,0.24512,1.07B,5.29%
05-11-2020,0.2455,0.23743,0.24722,0.23711,978.75M,3.37%
04-11-2020,0.2375,0.23945,0.24039,0.23263,1.02B,-0.85%
03-11-2020,0.23954,0.23528,0.24405,0.22803,1.03B,1.82%
02-11-2020,0.23526,0.2399,0.24455,0.2329,1.08B,-1.93%
01-11-2020,0.23989,0.23971,0.24132,0.23656,861.22M,0.07%
31-10-2020,0.23972,0.23914,0.24347,0.23745,872.34M,0.31%
30-10-2020,0.23897,0.24248,0.24389,0.23138,972.35M,-1.45%
29-10-2020,0.24247,0.24552,0.24702,0.23962,982.83M,-1.23%
28-10-2020,0.24549,0.25268,0.25667,0.24431,990.70M,-2.83%
27-10-2020,0.25265,0.24815,0.25396,0.24765,897.91M,1.80%
26-10-2020,0.24818,0.25311,0.25904,0.24363,1.00B,-1.98%
25-10-2020,0.25319,0.25611,0.25708,0.25122,804.28M,-1.14%
24-10-2020,0.25611,0.25471,0.2576,0.25256,726.90M,0.55%
23-10-2020,0.25471,0.25701,0.25917,0.25022,765.49M,-0.96%
22-10-2020,0.25718,0.25105,0.26354,0.25083,1.10B,2.45%
21-10-2020,0.25102,0.24324,0.25555,0.24261,1.12B,3.20%
20-10-2020,0.24324,0.24564,0.25021,0.24155,1.04B,-0.95%
19-10-2020,0.24558,0.24216,0.24942,0.24013,1.08B,1.34%
18-10-2020,0.24233,0.24057,0.2434,0.24007,1.12B,0.72%
17-10-2020,0.24059,0.24022,0.24316,0.23869,1.11B,0.16%
16-10-2020,0.2402,0.24588,0.24784,0.23772,1.15B,-2.30%
15-10-2020,0.24585,0.24912,0.25002,0.24307,1.13B,-1.31%
14-10-2020,0.24912,0.25654,0.25831,0.24613,1.07B,-2.90%
13-10-2020,0.25656,0.25596,0.25997,0.25277,1.29B,0.19%
12-10-2020,0.25606,0.2554,0.25819,0.24918,1.39B,0.27%
11-10-2020,0.25537,0.25391,0.25848,0.25327,1.13B,0.57%
10-10-2020,0.25392,0.25299,0.2601,0.25288,1.24B,0.40%
09-10-2020,0.25291,0.25117,0.25662,0.24957,1.25B,0.71%
08-10-2020,0.25113,0.24862,0.25289,0.24208,975.37M,0.97%
07-10-2020,0.24872,0.24562,0.2514,0.24097,1.15B,1.24%
06-10-2020,0.24567,0.25051,0.25916,0.24074,1.41B,-1.85%
05-10-2020,0.2503,0.24792,0.2542,0.24637,1.16B,0.99%
04-10-2020,0.24785,0.23265,0.25014,0.23152,1.30B,6.50%
03-10-2020,0.23273,0.23396,0.23523,0.23255,1.08B,-0.50%
02-10-2020,0.2339,0.23824,0.23934,0.22849,1.23B,-1.83%
01-10-2020,0.23826,0.24183,0.24439,0.23418,1.24B,-1.44%
30-09-2020,0.24174,0.24288,0.24288,0.23774,1.22B,-0.42%
29-09-2020,0.24274,0.24105,0.24661,0.23845,1.25B,0.73%
28-09-2020,0.24099,0.24331,0.24838,0.24017,1.40B,-0.98%
27-09-2020,0.24339,0.24151,0.24468,0.23743,943.95M,0.75%
26-09-2020,0.24157,0.24149,0.24546,0.23776,939.30M,0.01%
25-09-2020,0.24155,0.23279,0.24467,0.22962,875.93M,3.79%
24-09-2020,0.23273,0.22146,0.23383,0.21955,791.79M,5.09%
23-09-2020,0.22145,0.23297,0.23503,0.22042,705.56M,-4.94%
22-09-2020,0.23295,0.23079,0.23451,0.22942,835.78M,0.92%
21-09-2020,0.23083,0.2466,0.24808,0.22928,1.24B,-6.32%
20-09-2020,0.24641,0.25082,0.25131,0.2425,774.90M,-1.87%
19-09-2020,0.25111,0.25061,0.25459,0.24748,862.88M,0.20%
18-09-2020,0.25061,0.25214,0.25523,0.24641,1.09B,-0.59%
17-09-2020,0.25209,0.24683,0.25821,0.24614,1.10B,2.17%
16-09-2020,0.24674,0.24331,0.25112,0.23431,1.09B,1.41%
15-09-2020,0.24331,0.24559,0.24939,0.24218,1.07B,-0.97%
14-09-2020,0.2457,0.24203,0.24833,0.23915,1.07B,1.50%
13-09-2020,0.24206,0.24741,0.25336,0.23778,1.02B,-2.19%
12-09-2020,0.24748,0.24258,0.24873,0.24023,1.35B,2.02%
11-09-2020,0.24257,0.24311,0.24441,0.23701,1.35B,-0.23%
10-09-2020,0.24312,0.23901,0.24858,0.23888,1.56B,1.71%
09-09-2020,0.23904,0.2365,0.24273,0.23312,1.43B,1.07%
08-09-2020,0.2365,0.242,0.24355,0.23133,1.75B,-2.30%
07-09-2020,0.24207,0.23985,0.24285,0.22986,1.77B,0.93%
06-09-2020,0.23984,0.23737,0.2434,0.22977,1.78B,1.05%
05-09-2020,0.23736,0.25403,0.25941,0.23152,2.22B,-6.56%
04-09-2020,0.25404,0.2443,0.26547,0.24113,2.07B,3.99%
03-09-2020,0.2443,0.27602,0.27647,0.2397,2.07B,-11.49%
02-09-2020,0.27602,0.29533,0.30373,0.26565,2.08B,-6.57%
01-09-2020,0.29542,0.28114,0.29881,0.27632,1.63B,5.07%
31-08-2020,0.28117,0.28303,0.2845,0.27813,1.16B,-0.66%
30-08-2020,0.28303,0.27384,0.28383,0.27381,1.16B,3.36%
29-08-2020,0.27384,0.27167,0.2768,0.26872,952.89M,0.79%
28-08-2020,0.27168,0.26456,0.27313,0.26005,1.18B,2.70%
27-08-2020,0.26455,0.27647,0.27826,0.25489,1.56B,-4.31%
26-08-2020,0.27647,0.27641,0.28055,0.27404,1.10B,0.02%
25-08-2020,0.27641,0.28856,0.28957,0.27047,1.30B,-4.22%
24-08-2020,0.28857,0.2848,0.29193,0.28236,988.01M,1.34%
23-08-2020,0.28477,0.28609,0.28794,0.27761,969.03M,-0.47%
22-08-2020,0.28611,0.27921,0.28661,0.27353,1.22B,2.47%
21-08-2020,0.27921,0.29215,0.29575,0.27792,1.53B,-4.43%
20-08-2020,0.29217,0.28979,0.2944,0.2847,1.22B,0.82%
19-08-2020,0.28979,0.30255,0.30587,0.27942,1.99B,-4.22%
18-08-2020,0.30255,0.3152,0.32152,0.2985,2.15B,-3.99%
17-08-2020,0.31513,0.30446,0.32667,0.29746,2.75B,3.50%
16-08-2020,0.30447,0.29882,0.30467,0.29243,1.74B,1.88%
15-08-2020,0.29886,0.30006,0.30522,0.29364,1.81B,-0.40%
14-08-2020,0.30006,0.29434,0.30708,0.29097,2.10B,1.94%
13-08-2020,0.29435,0.28232,0.29536,0.27298,2.00B,4.26%
12-08-2020,0.28231,0.28292,0.28719,0.27266,1.97B,-0.22%
11-08-2020,0.28293,0.29465,0.30713,0.27077,2.65B,-3.97%
10-08-2020,0.29464,0.28795,0.29993,0.2851,1.97B,2.32%
09-08-2020,0.28795,0.29526,0.29828,0.28236,1.18B,-2.47%
08-08-2020,0.29525,0.29444,0.29864,0.29027,1.10B,0.27%
07-08-2020,0.29444,0.30316,0.31003,0.28165,1.88B,-2.88%
06-08-2020,0.30316,0.30248,0.31065,0.29743,1.82B,0.22%
05-08-2020,0.30249,0.30136,0.30789,0.29175,2.07B,0.40%
04-08-2020,0.30129,0.31005,0.31873,0.29153,2.74B,-2.83%
03-08-2020,0.31005,0.28791,0.31971,0.28482,3.33B,7.70%
02-08-2020,0.28787,0.29101,0.32523,0.25562,5.37B,-1.08%
01-08-2020,0.291,0.25945,0.29743,0.25576,3.30B,12.15%
31-07-2020,0.25947,0.24415,0.26039,0.2418,1.78B,6.27%
30-07-2020,0.24417,0.24096,0.24941,0.23742,1.93B,0.40%
29-07-2020,0.24319,0.23041,0.25,0.22955,2.44B,5.55%
28-07-2020,0.23041,0.22433,0.2346,0.21729,2.00B,2.71%
27-07-2020,0.22433,0.21527,0.2289,0.21005,2.10B,4.21%
26-07-2020,0.21526,0.21464,0.22492,0.21295,1.55B,0.30%
25-07-2020,0.21463,0.20401,0.21741,0.20367,1.26B,5.20%
24-07-2020,0.20401,0.2085,0.2085,0.20205,1.02B,-2.16%
23-07-2020,0.20851,0.20356,0.21006,0.20164,1.42B,2.43%
22-07-2020,0.20356,0.19947,0.20437,0.1962,1.00B,2.05%
21-07-2020,0.19947,0.19468,0.20085,0.19399,998.17M,2.46%
20-07-2020,0.19469,0.19954,0.20008,0.19286,946.40M,-2.43%
19-07-2020,0.19953,0.19988,0.20198,0.19588,877.53M,-0.18%
18-07-2020,0.19989,0.19448,0.20197,0.19403,988.42M,2.78%
17-07-2020,0.19448,0.19442,0.19798,0.19141,910.35M,0.04%
16-07-2020,0.19441,0.19724,0.19752,0.18907,1.05B,-1.43%
15-07-2020,0.19723,0.19911,0.19974,0.19654,772.57M,-0.95%
14-07-2020,0.19911,0.19872,0.19972,0.19509,948.66M,0.20%
13-07-2020,0.19872,0.20119,0.20645,0.19412,1.31B,-1.23%
12-07-2020,0.20119,0.20114,0.20385,0.19798,863.29M,0.02%
11-07-2020,0.20115,0.19898,0.2046,0.19812,1.13B,1.09%
10-07-2020,0.19898,0.20261,0.20264,0.19338,1.36B,-1.79%
09-07-2020,0.20261,0.20545,0.21161,0.1975,2.28B,-1.38%
08-07-2020,0.20544,0.18512,0.20659,0.18402,2.17B,10.98%
07-07-2020,0.18512,0.18875,0.18957,0.18321,935.86M,-1.92%
06-07-2020,0.18875,0.17704,0.18908,0.17645,1.25B,6.57%
05-07-2020,0.17711,0.17808,0.17876,0.17401,777.71M,-0.54%
04-07-2020,0.17808,0.17634,0.1795,0.17604,773.85M,0.96%
03-07-2020,0.1764,0.17478,0.17852,0.17443,802.84M,0.93%
02-07-2020,0.17478,0.17644,0.17712,0.1724,925.56M,-0.95%
01-07-2020,0.17645,0.17531,0.1781,0.17393,773.69M,0.64%
30-06-2020,0.17532,0.17724,0.17756,0.17497,639.09M,-1.08%
29-06-2020,0.17725,0.17687,0.17913,0.17518,880.97M,0.21%
28-06-2020,0.17688,0.17514,0.1796,0.17349,856.63M,0.99%
27-06-2020,0.17514,0.18249,0.18342,0.16947,975.54M,-4.03%
26-06-2020,0.18248,0.18155,0.18679,0.17876,1.11B,0.51%
25-06-2020,0.18155,0.18352,0.18406,0.17897,912.40M,-1.07%
24-06-2020,0.18351,0.18886,0.1901,0.18179,1.01B,-2.83%
23-06-2020,0.18886,0.18942,0.19042,0.18839,793.85M,-0.29%
22-06-2020,0.18941,0.18606,0.19018,0.18584,1.07B,1.80%
21-06-2020,0.18606,0.18793,0.1884,0.18577,623.94M,-0.99%
20-06-2020,0.18793,0.18727,0.18894,0.18539,692.33M,0.35%
19-06-2020,0.18727,0.18978,0.19002,0.18672,1.01B,-1.32%
18-06-2020,0.18978,0.19318,0.1932,0.18829,852.10M,-1.76%
17-06-2020,0.19318,0.19238,0.19852,0.1889,1.03B,0.41%
16-06-2020,0.19239,0.19242,0.19389,0.19021,798.67M,-0.01%
15-06-2020,0.19241,0.19029,0.19337,0.1824,1.29B,1.11%
14-06-2020,0.19029,0.19241,0.19248,0.18894,671.96M,-1.10%
13-06-2020,0.19241,0.19304,0.19373,0.19093,706.60M,-0.33%
12-06-2020,0.19304,0.18837,0.19499,0.1871,903.45M,2.48%
11-06-2020,0.18838,0.20271,0.20343,0.18544,1.38B,-7.07%
10-06-2020,0.2027,0.20132,0.20376,0.20019,911.78M,0.68%
09-06-2020,0.20133,0.20409,0.20499,0.20036,933.54M,-1.35%
08-06-2020,0.20408,0.20334,0.20428,0.2014,799.78M,0.37%
07-06-2020,0.20334,0.2037,0.20495,0.19902,996.83M,-0.18%
06-06-2020,0.2037,0.20282,0.20476,0.20144,851.00M,0.44%
05-06-2020,0.20282,0.20438,0.20567,0.20174,1.17B,-0.76%
04-06-2020,0.20438,0.20411,0.20713,0.20121,1.36B,0.13%
03-06-2020,0.20411,0.20316,0.20475,0.20104,1.23B,0.46%
02-06-2020,0.20317,0.2109,0.21452,0.19826,2.05B,-3.66%
01-06-2020,0.2109,0.20254,0.21184,0.20132,1.66B,4.13%
31-05-2020,0.20254,0.20703,0.21323,0.20105,1.71B,-2.17%
30-05-2020,0.20703,0.19758,0.20754,0.19611,1.54B,4.78%
29-05-2020,0.19758,0.20045,0.2028,0.1965,1.28B,-1.43%
28-05-2020,0.20046,0.19792,0.20088,0.1951,1.34B,1.26%
27-05-2020,0.19797,0.19373,0.19994,0.19367,1.28B,2.18%
26-05-2020,0.19374,0.19619,0.19691,0.19169,1.15B,-1.25%
25-05-2020,0.19619,0.19271,0.19715,0.19047,1.22B,1.76%
24-05-2020,0.19279,0.19883,0.20122,0.19279,1.05B,-3.04%
23-05-2020,0.19883,0.20035,0.20212,0.19813,1.04B,-0.76%
22-05-2020,0.20036,0.19432,0.20237,0.19227,1.55B,3.12%
21-05-2020,0.1943,0.20176,0.20309,0.19013,1.39B,-3.69%
20-05-2020,0.20176,0.20496,0.20611,0.19805,1.20B,-1.56%
19-05-2020,0.20496,0.20539,0.20653,0.20115,1.17B,-0.21%
18-05-2020,0.20539,0.20135,0.20779,0.20131,1.57B,2.00%
17-05-2020,0.20136,0.19981,0.2044,0.19888,1.24B,0.78%
16-05-2020,0.19981,0.19809,0.20184,0.19678,1.52B,0.86%
15-05-2020,0.19809,0.204,0.20455,0.19591,2.06B,-2.90%
14-05-2020,0.204,0.20171,0.206,0.19889,2.25B,1.14%
13-05-2020,0.20171,0.197,0.20374,0.19592,2.16B,2.39%
12-05-2020,0.197,0.1927,0.1996,0.19132,2.21B,2.16%
11-05-2020,0.19283,0.19677,0.19997,0.18529,3.15B,-2.00%
10-05-2020,0.19677,0.21648,0.21649,0.18239,3.81B,-9.10%
09-05-2020,0.21647,0.21868,0.22489,0.21611,2.74B,-1.01%
08-05-2020,0.21869,0.2186,0.22182,0.21443,2.61B,0.04%
07-05-2020,0.2186,0.2118,0.2206,0.21003,2.88B,3.21%
06-05-2020,0.21181,0.21695,0.22185,0.21118,2.30B,-2.37%
05-05-2020,0.21695,0.21799,0.22196,0.21352,2.27B,-0.48%
04-05-2020,0.218,0.21937,0.22042,0.20729,2.88B,-0.62%
03-05-2020,0.21937,0.22371,0.22647,0.21594,2.42B,-1.94%
02-05-2020,0.22371,0.21782,0.22564,0.21547,2.39B,2.71%
01-05-2020,0.21782,0.21143,0.22401,0.21128,2.73B,3.01%
30-04-2020,0.21145,0.22643,0.2355,0.20848,4.27B,-6.61%
29-04-2020,0.22642,0.21452,0.23054,0.21386,3.82B,5.54%
28-04-2020,0.21453,0.1975,0.218,0.19469,3.21B,8.62%
27-04-2020,0.1975,0.19619,0.19939,0.19433,2.03B,0.67%
26-04-2020,0.1962,0.19419,0.19751,0.19275,1.86B,1.03%
25-04-2020,0.1942,0.19315,0.19744,0.19183,2.00B,0.55%
24-04-2020,0.19314,0.19263,0.19685,0.19213,2.35B,0.29%
23-04-2020,0.19259,0.18804,0.19856,0.18568,2.96B,2.42%
22-04-2020,0.18804,0.18352,0.1895,0.1821,2.19B,2.47%
21-04-2020,0.18351,0.18175,0.18611,0.18126,2.64B,0.97%
20-04-2020,0.18175,0.18897,0.19441,0.17885,3.18B,-3.82%
19-04-2020,0.18896,0.19529,0.19612,0.18806,2.15B,-3.25%
18-04-2020,0.19532,0.18868,0.19669,0.18859,2.08B,3.51%
17-04-2020,0.18869,0.19053,0.19174,0.18642,2.19B,-0.96%
16-04-2020,0.19052,0.18058,0.19285,0.17432,3.76B,5.51%
15-04-2020,0.18058,0.18611,0.18971,0.18023,2.63B,-2.98%
14-04-2020,0.18613,0.18769,0.189,0.18376,2.40B,-0.83%
13-04-2020,0.1877,0.18941,0.18941,0.18089,3.10B,-0.91%
12-04-2020,0.18942,0.18843,0.19552,0.18626,2.65B,0.54%
11-04-2020,0.18841,0.18762,0.19215,0.18509,2.28B,0.41%
10-04-2020,0.18764,0.1983,0.19873,0.18173,2.74B,-5.37%
09-04-2020,0.1983,0.20192,0.20229,0.19468,2.36B,-1.79%
08-04-2020,0.20192,0.19287,0.20261,0.19163,2.74B,4.69%
07-04-2020,0.19287,0.19805,0.20497,0.19023,3.98B,-2.61%
06-04-2020,0.19805,0.17935,0.19812,0.17931,3.81B,10.43%
05-04-2020,0.17935,0.18122,0.18201,0.17691,2.10B,-1.03%
04-04-2020,0.18122,0.17952,0.18307,0.17785,2.55B,0.94%
03-04-2020,0.17952,0.1784,0.18275,0.17606,3.19B,0.63%
02-04-2020,0.1784,0.17498,0.18587,0.1742,4.05B,1.96%
01-04-2020,0.17498,0.17364,0.17587,0.16821,3.36B,0.77%
31-03-2020,0.17365,0.17113,0.17788,0.17059,3.25B,1.47%
30-03-2020,0.17113,0.16288,0.17505,0.16256,3.27B,5.06%
29-03-2020,0.16289,0.17547,0.17651,0.16217,3.28B,-7.16%
28-03-2020,0.17545,0.17286,0.17976,0.1667,4.51B,1.50%
27-03-2020,0.17286,0.17598,0.18709,0.16972,5.04B,-1.78%
26-03-2020,0.17599,0.16173,0.17684,0.15999,3.36B,8.82%
25-03-2020,0.16173,0.16236,0.16496,0.15733,3.33B,-0.38%
24-03-2020,0.16236,0.15862,0.1637,0.15712,3.62B,2.36%
23-03-2020,0.15862,0.14788,0.16105,0.14544,3.96B,7.26%
22-03-2020,0.14789,0.15789,0.16157,0.14658,3.27B,-6.33%
21-03-2020,0.15788,0.15683,0.16152,0.15198,3.74B,0.68%
20-03-2020,0.15681,0.16467,0.17453,0.14604,6.38B,-4.79%
19-03-2020,0.16469,0.14751,0.17199,0.14445,4.92B,11.66%
18-03-2020,0.1475,0.14719,0.14924,0.14042,4.12B,0.17%
17-03-2020,0.14724,0.14092,0.15176,0.13994,4.79B,4.48%
16-03-2020,0.14093,0.15309,0.15314,0.12872,7.15B,-7.94%
15-03-2020,0.15309,0.14596,0.16386,0.14479,4.76B,4.88%
14-03-2020,0.14596,0.15886,0.15974,0.14376,5.24B,-8.10%
13-03-2020,0.15882,0.13582,0.1658,0.1057,13.83B,16.75%
12-03-2020,0.13604,0.20812,0.20973,0.12922,9.82B,-34.64%
11-03-2020,0.20812,0.21171,0.2137,0.19957,2.87B,-1.69%
10-03-2020,0.21171,0.20961,0.21558,0.20546,3.08B,1.00%
09-03-2020,0.20961,0.20384,0.2113,0.19851,4.53B,2.85%
08-03-2020,0.2038,0.23622,0.23622,0.20123,4.02B,-13.73%
07-03-2020,0.23624,0.24476,0.24489,0.23516,2.18B,-3.48%
06-03-2020,0.24475,0.23917,0.24616,0.23825,2.39B,2.34%
05-03-2020,0.23917,0.23465,0.24309,0.23458,2.15B,1.92%
04-03-2020,0.23466,0.23423,0.23816,0.23054,2.01B,0.18%
03-03-2020,0.23424,0.2395,0.2396,0.22979,2.09B,-2.20%
02-03-2020,0.2395,0.22732,0.24139,0.22605,2.03B,5.35%
01-03-2020,0.22734,0.22901,0.23582,0.22445,1.79B,-0.73%
29-02-2020,0.22902,0.23663,0.24212,0.22898,1.87B,-3.22%
28-02-2020,0.23665,0.23812,0.24375,0.22889,2.64B,-0.59%
27-02-2020,0.23805,0.22901,0.24708,0.22391,3.13B,3.95%
26-02-2020,0.22901,0.25244,0.25495,0.22313,4.12B,-9.28%
25-02-2020,0.25245,0.27024,0.27056,0.25182,2.60B,-6.59%
24-02-2020,0.27025,0.28319,0.28411,0.26448,2.38B,-4.63%
23-02-2020,0.28338,0.27492,0.2843,0.27484,1.99B,3.08%
22-02-2020,0.27492,0.27422,0.27803,0.27043,1.82B,0.25%
21-02-2020,0.27422,0.27114,0.27853,0.2688,2.45B,1.14%
20-02-2020,0.27114,0.27518,0.28145,0.26279,3.28B,-1.47%
19-02-2020,0.27518,0.29806,0.30621,0.2722,3.26B,-7.66%
18-02-2020,0.29801,0.28707,0.30235,0.27604,3.68B,3.81%
17-02-2020,0.28708,0.29293,0.29478,0.2693,3.89B,-2.07%
16-02-2020,0.29316,0.30754,0.31879,0.27109,4.21B,-4.68%
15-02-2020,0.30754,0.33587,0.34553,0.29679,4.12B,-8.43%
14-02-2020,0.33587,0.32731,0.33881,0.31211,4.10B,2.62%
13-02-2020,0.32731,0.30436,0.33931,0.30197,6.05B,7.54%
12-02-2020,0.30437,0.28107,0.30858,0.28106,3.67B,8.29%
11-02-2020,0.28107,0.27348,0.28317,0.26764,2.02B,2.77%
10-02-2020,0.27348,0.2826,0.28316,0.26768,2.06B,-3.22%
09-02-2020,0.28259,0.27763,0.28868,0.27652,1.96B,1.79%
08-02-2020,0.27763,0.27949,0.28166,0.26479,1.97B,-0.70%
07-02-2020,0.27959,0.28358,0.28804,0.27785,2.12B,-1.41%
06-02-2020,0.28359,0.2778,0.28772,0.27075,3.08B,2.08%
05-02-2020,0.27779,0.26722,0.28202,0.26719,3.24B,3.97%
04-02-2020,0.26719,0.25465,0.26884,0.25465,2.89B,4.92%
03-02-2020,0.25465,0.251,0.25908,0.24741,2.09B,1.47%
02-02-2020,0.25097,0.24132,0.26098,0.23619,2.47B,4.00%
01-02-2020,0.24132,0.23939,0.24294,0.23724,1.29B,0.81%
31-01-2020,0.23938,0.24334,0.2444,0.234,1.81B,-1.62%
30-01-2020,0.24333,0.23546,0.24594,0.23123,2.07B,3.34%
29-01-2020,0.23546,0.23921,0.24171,0.23457,1.86B,-1.57%
28-01-2020,0.23921,0.23086,0.24114,0.23085,1.96B,3.62%
27-01-2020,0.23086,0.23114,0.23371,0.22636,1.51B,-0.13%
26-01-2020,0.23115,0.2196,0.23197,0.21823,1.30B,5.26%
25-01-2020,0.2196,0.22217,0.22259,0.21688,1.13B,-1.16%
24-01-2020,0.22217,0.22595,0.22618,0.21401,1.69B,-1.68%
23-01-2020,0.22595,0.23721,0.23726,0.22163,1.57B,-4.74%
22-01-2020,0.2372,0.23721,0.23979,0.23331,1.39B,-0.01%
21-01-2020,0.23722,0.23308,0.24175,0.23113,1.63B,1.78%
20-01-2020,0.23307,0.23574,0.23637,0.22452,1.55B,-1.13%
19-01-2020,0.23575,0.24349,0.25122,0.22818,2.39B,-3.19%
18-01-2020,0.2435,0.23916,0.254,0.23207,2.66B,1.81%
17-01-2020,0.23917,0.22919,0.24426,0.22672,2.77B,4.36%
16-01-2020,0.22918,0.23378,0.23497,0.22272,2.46B,-1.97%
15-01-2020,0.23379,0.23497,0.23497,0.22651,3.23B,-0.51%
14-01-2020,0.23499,0.21141,0.24435,0.21133,3.24B,11.15%
13-01-2020,0.21141,0.2153,0.21551,0.21005,1.32B,-1.80%
12-01-2020,0.21529,0.21127,0.21689,0.20971,1.64B,1.85%
11-01-2020,0.21138,0.21258,0.21973,0.20883,2.08B,-0.57%
10-01-2020,0.21259,0.20372,0.21266,0.2005,2.13B,4.35%
09-01-2020,0.20372,0.20756,0.20871,0.20129,1.77B,-1.85%
08-01-2020,0.20756,0.21351,0.21761,0.20342,2.44B,-2.79%
07-01-2020,0.21351,0.22307,0.22505,0.20735,3.00B,-4.28%
06-01-2020,0.22306,0.19455,0.22306,0.19428,2.84B,14.65%
05-01-2020,0.19455,0.19313,0.19708,0.19289,1.15B,0.74%
04-01-2020,0.19311,0.19321,0.19366,0.19135,1.11B,-0.05%
03-01-2020,0.19321,0.18749,0.1938,0.18464,1.74B,3.06%
02-01-2020,0.18748,0.19306,0.1931,0.18634,1.47B,-2.89%
01-01-2020,0.19307,0.19293,0.19508,0.19223,1.23B,0.07%
